<?xml version="1.0" encoding="UTF-8"?>
<Rejstrik xmlns="http://portal.gov.cz/portal/xsd/PvsRejstrikObsah" xmlns:xsi="http://www.w3.org/2001/XMLSchema-instance" xsi:schemaLocation="http://portal.gov.cz/portal/xsd/PvsRejstrikObsah http://portal.gov.cz/portal/xsd/PvsRejstrikObsah.xsd">
  <RejstrikID>97899</RejstrikID>
  	<Polozka>
  	  <ID>98172</ID>
  	  <PublikacniDZ>269987650</PublikacniDZ>
  	  <Publikator>s3caayq</Publikator>
  	  <DatumPublikace>2015-04-10</DatumPublikace>
  	  <DatumZmeny>2017-09-25</DatumZmeny>
  	  <PolozkaURL>https://portal.gov.cz/app/RejData/rec.jsp?id=98172&amp;id_rej=97899&amp;y=2015&amp;m=04&amp;doctype=xml</PolozkaURL>
  	  <VazbyURL>https://portal.gov.cz/app/RejData/rec.jsp?id=98172&amp;id_rej=97899&amp;y=2015&amp;m=04&amp;doctype=vazby</VazbyURL>
  	  <Zneplatneny>false</Zneplatneny>
  	</Polozka>
  	<Polozka>
  	  <ID>98221</ID>
  	  <PublikacniDZ>269990328</PublikacniDZ>
  	  <Publikator>s3caayq</Publikator>
  	  <DatumPublikace>2015-04-10</DatumPublikace>
  	  <DatumZmeny>2017-09-25</DatumZmeny>
  	  <PolozkaURL>https://portal.gov.cz/app/RejData/rec.jsp?id=98221&amp;id_rej=97899&amp;y=2015&amp;m=04&amp;doctype=xml</PolozkaURL>
  	  <VazbyURL>https://portal.gov.cz/app/RejData/rec.jsp?id=98221&amp;id_rej=97899&amp;y=2015&amp;m=04&amp;doctype=vazby</VazbyURL>
  	  <Zneplatneny>false</Zneplatneny>
  	</Polozka>
  	<Polozka>
  	  <ID>98209</ID>
  	  <PublikacniDZ>269989974</PublikacniDZ>
  	  <Publikator>s3caayq</Publikator>
  	  <DatumPublikace>2015-04-10</DatumPublikace>
  	  <DatumZmeny>2017-09-25</DatumZmeny>
  	  <PolozkaURL>https://portal.gov.cz/app/RejData/rec.jsp?id=98209&amp;id_rej=97899&amp;y=2015&amp;m=04&amp;doctype=xml</PolozkaURL>
  	  <VazbyURL>https://portal.gov.cz/app/RejData/rec.jsp?id=98209&amp;id_rej=97899&amp;y=2015&amp;m=04&amp;doctype=vazby</VazbyURL>
  	  <Zneplatneny>false</Zneplatneny>
  	</Polozka>
  	<Polozka>
  	  <ID>98197</ID>
  	  <PublikacniDZ>269989927</PublikacniDZ>
  	  <Publikator>s3caayq</Publikator>
  	  <DatumPublikace>2015-04-10</DatumPublikace>
  	  <DatumZmeny>2017-09-25</DatumZmeny>
  	  <PolozkaURL>https://portal.gov.cz/app/RejData/rec.jsp?id=98197&amp;id_rej=97899&amp;y=2015&amp;m=04&amp;doctype=xml</PolozkaURL>
  	  <VazbyURL>https://portal.gov.cz/app/RejData/rec.jsp?id=98197&amp;id_rej=97899&amp;y=2015&amp;m=04&amp;doctype=vazby</VazbyURL>
  	  <Zneplatneny>false</Zneplatneny>
  	</Polozka>
  	<Polozka>
  	  <ID>98233</ID>
  	  <PublikacniDZ>269990774</PublikacniDZ>
  	  <Publikator>s3caayq</Publikator>
  	  <DatumPublikace>2015-04-10</DatumPublikace>
  	  <DatumZmeny>2017-02-24</DatumZmeny>
  	  <PolozkaURL>https://portal.gov.cz/app/RejData/rec.jsp?id=98233&amp;id_rej=97899&amp;y=2015&amp;m=04&amp;doctype=xml</PolozkaURL>
  	  <VazbyURL>https://portal.gov.cz/app/RejData/rec.jsp?id=98233&amp;id_rej=97899&amp;y=2015&amp;m=04&amp;doctype=vazby</VazbyURL>
  	  <Zneplatneny>false</Zneplatneny>
  	</Polozka>
  	<Polozka>
  	  <ID>98297</ID>
  	  <PublikacniDZ>269995030</PublikacniDZ>
  	  <Publikator>x7cab34</Publikator>
  	  <DatumPublikace>2015-04-10</DatumPublikace>
  	  <DatumZmeny>2015-04-11</DatumZmeny>
  	  <PolozkaURL>https://portal.gov.cz/app/RejData/rec.jsp?id=98297&amp;id_rej=97899&amp;y=2015&amp;m=04&amp;doctype=xml</PolozkaURL>
  	  <VazbyURL></VazbyURL>
  	  <Zneplatneny>true</Zneplatneny>
  	</Polozka>
  	<Polozka>
  	  <ID>98321</ID>
  	  <PublikacniDZ>mm:14998</PublikacniDZ>
  	  <Publikator>6bnaawp</Publikator>
  	  <DatumPublikace>2015-04-10</DatumPublikace>
  	  <DatumZmeny>2017-07-24</DatumZmeny>
  	  <PolozkaURL>https://portal.gov.cz/app/RejData/rec.jsp?id=98321&amp;id_rej=97899&amp;y=2015&amp;m=04&amp;doctype=xml</PolozkaURL>
  	  <VazbyURL>https://portal.gov.cz/app/RejData/rec.jsp?id=98321&amp;id_rej=97899&amp;y=2015&amp;m=04&amp;doctype=vazby</VazbyURL>
  	  <Zneplatneny>false</Zneplatneny>
  	</Polozka>
  	<Polozka>
  	  <ID>98372</ID>
  	  <PublikacniDZ>mm:15002</PublikacniDZ>
  	  <Publikator>6bnaawp</Publikator>
  	  <DatumPublikace>2015-04-10</DatumPublikace>
  	  <PolozkaURL>https://portal.gov.cz/app/RejData/rec.jsp?id=98372&amp;id_rej=97899&amp;y=2015&amp;m=04&amp;doctype=xml</PolozkaURL>
  	  <VazbyURL>https://portal.gov.cz/app/RejData/rec.jsp?id=98372&amp;id_rej=97899&amp;y=2015&amp;m=04&amp;doctype=vazby</VazbyURL>
  	  <Zneplatneny>false</Zneplatneny>
  	</Polozka>
  	<Polozka>
  	  <ID>98384</ID>
  	  <PublikacniDZ>mm:15003</PublikacniDZ>
  	  <Publikator>6bnaawp</Publikator>
  	  <DatumPublikace>2015-04-10</DatumPublikace>
  	  <PolozkaURL>https://portal.gov.cz/app/RejData/rec.jsp?id=98384&amp;id_rej=97899&amp;y=2015&amp;m=04&amp;doctype=xml</PolozkaURL>
  	  <VazbyURL>https://portal.gov.cz/app/RejData/rec.jsp?id=98384&amp;id_rej=97899&amp;y=2015&amp;m=04&amp;doctype=vazby</VazbyURL>
  	  <Zneplatneny>false</Zneplatneny>
  	</Polozka>
  	<Polozka>
  	  <ID>98430</ID>
  	  <PublikacniDZ>mm:15007</PublikacniDZ>
  	  <Publikator>6bnaawp</Publikator>
  	  <DatumPublikace>2015-04-10</DatumPublikace>
  	  <PolozkaURL>https://portal.gov.cz/app/RejData/rec.jsp?id=98430&amp;id_rej=97899&amp;y=2015&amp;m=04&amp;doctype=xml</PolozkaURL>
  	  <VazbyURL>https://portal.gov.cz/app/RejData/rec.jsp?id=98430&amp;id_rej=97899&amp;y=2015&amp;m=04&amp;doctype=vazby</VazbyURL>
  	  <Zneplatneny>false</Zneplatneny>
  	</Polozka>
  	<Polozka>
  	  <ID>98442</ID>
  	  <PublikacniDZ>mm:15008</PublikacniDZ>
  	  <Publikator>6bnaawp</Publikator>
  	  <DatumPublikace>2015-04-10</DatumPublikace>
  	  <PolozkaURL>https://portal.gov.cz/app/RejData/rec.jsp?id=98442&amp;id_rej=97899&amp;y=2015&amp;m=04&amp;doctype=xml</PolozkaURL>
  	  <VazbyURL>https://portal.gov.cz/app/RejData/rec.jsp?id=98442&amp;id_rej=97899&amp;y=2015&amp;m=04&amp;doctype=vazby</VazbyURL>
  	  <Zneplatneny>false</Zneplatneny>
  	</Polozka>
  	<Polozka>
  	  <ID>98454</ID>
  	  <PublikacniDZ>mm:15009</PublikacniDZ>
  	  <Publikator>6bnaawp</Publikator>
  	  <DatumPublikace>2015-04-10</DatumPublikace>
  	  <PolozkaURL>https://portal.gov.cz/app/RejData/rec.jsp?id=98454&amp;id_rej=97899&amp;y=2015&amp;m=04&amp;doctype=xml</PolozkaURL>
  	  <VazbyURL>https://portal.gov.cz/app/RejData/rec.jsp?id=98454&amp;id_rej=97899&amp;y=2015&amp;m=04&amp;doctype=vazby</VazbyURL>
  	  <Zneplatneny>false</Zneplatneny>
  	</Polozka>
  	<Polozka>
  	  <ID>98466</ID>
  	  <PublikacniDZ>mm:15010</PublikacniDZ>
  	  <Publikator>6bnaawp</Publikator>
  	  <DatumPublikace>2015-04-10</DatumPublikace>
  	  <PolozkaURL>https://portal.gov.cz/app/RejData/rec.jsp?id=98466&amp;id_rej=97899&amp;y=2015&amp;m=04&amp;doctype=xml</PolozkaURL>
  	  <VazbyURL>https://portal.gov.cz/app/RejData/rec.jsp?id=98466&amp;id_rej=97899&amp;y=2015&amp;m=04&amp;doctype=vazby</VazbyURL>
  	  <Zneplatneny>false</Zneplatneny>
  	</Polozka>
  	<Polozka>
  	  <ID>98478</ID>
  	  <PublikacniDZ>mm:15011</PublikacniDZ>
  	  <Publikator>6bnaawp</Publikator>
  	  <DatumPublikace>2015-04-10</DatumPublikace>
  	  <PolozkaURL>https://portal.gov.cz/app/RejData/rec.jsp?id=98478&amp;id_rej=97899&amp;y=2015&amp;m=04&amp;doctype=xml</PolozkaURL>
  	  <VazbyURL>https://portal.gov.cz/app/RejData/rec.jsp?id=98478&amp;id_rej=97899&amp;y=2015&amp;m=04&amp;doctype=vazby</VazbyURL>
  	  <Zneplatneny>false</Zneplatneny>
  	</Polozka>
  	<Polozka>
  	  <ID>98490</ID>
  	  <PublikacniDZ>mm:15012</PublikacniDZ>
  	  <Publikator>6bnaawp</Publikator>
  	  <DatumPublikace>2015-04-10</DatumPublikace>
  	  <PolozkaURL>https://portal.gov.cz/app/RejData/rec.jsp?id=98490&amp;id_rej=97899&amp;y=2015&amp;m=04&amp;doctype=xml</PolozkaURL>
  	  <VazbyURL>https://portal.gov.cz/app/RejData/rec.jsp?id=98490&amp;id_rej=97899&amp;y=2015&amp;m=04&amp;doctype=vazby</VazbyURL>
  	  <Zneplatneny>false</Zneplatneny>
  	</Polozka>
  	<Polozka>
  	  <ID>98502</ID>
  	  <PublikacniDZ>mm:15013</PublikacniDZ>
  	  <Publikator>6bnaawp</Publikator>
  	  <DatumPublikace>2015-04-10</DatumPublikace>
  	  <PolozkaURL>https://portal.gov.cz/app/RejData/rec.jsp?id=98502&amp;id_rej=97899&amp;y=2015&amp;m=04&amp;doctype=xml</PolozkaURL>
  	  <VazbyURL>https://portal.gov.cz/app/RejData/rec.jsp?id=98502&amp;id_rej=97899&amp;y=2015&amp;m=04&amp;doctype=vazby</VazbyURL>
  	  <Zneplatneny>false</Zneplatneny>
  	</Polozka>
  	<Polozka>
  	  <ID>98514</ID>
  	  <PublikacniDZ>mm:15014</PublikacniDZ>
  	  <Publikator>6bnaawp</Publikator>
  	  <DatumPublikace>2015-04-10</DatumPublikace>
  	  <PolozkaURL>https://portal.gov.cz/app/RejData/rec.jsp?id=98514&amp;id_rej=97899&amp;y=2015&amp;m=04&amp;doctype=xml</PolozkaURL>
  	  <VazbyURL>https://portal.gov.cz/app/RejData/rec.jsp?id=98514&amp;id_rej=97899&amp;y=2015&amp;m=04&amp;doctype=vazby</VazbyURL>
  	  <Zneplatneny>false</Zneplatneny>
  	</Polozka>
  	<Polozka>
  	  <ID>98526</ID>
  	  <PublikacniDZ>mm:15015</PublikacniDZ>
  	  <Publikator>6bnaawp</Publikator>
  	  <DatumPublikace>2015-04-10</DatumPublikace>
  	  <PolozkaURL>https://portal.gov.cz/app/RejData/rec.jsp?id=98526&amp;id_rej=97899&amp;y=2015&amp;m=04&amp;doctype=xml</PolozkaURL>
  	  <VazbyURL>https://portal.gov.cz/app/RejData/rec.jsp?id=98526&amp;id_rej=97899&amp;y=2015&amp;m=04&amp;doctype=vazby</VazbyURL>
  	  <Zneplatneny>false</Zneplatneny>
  	</Polozka>
  	<Polozka>
  	  <ID>98719</ID>
  	  <PublikacniDZ>270046670</PublikacniDZ>
  	  <Publikator>x7cab34</Publikator>
  	  <DatumPublikace>2015-04-10</DatumPublikace>
  	  <DatumZmeny>2015-12-30</DatumZmeny>
  	  <PolozkaURL>https://portal.gov.cz/app/RejData/rec.jsp?id=98719&amp;id_rej=97899&amp;y=2015&amp;m=04&amp;doctype=xml</PolozkaURL>
  	  <VazbyURL>https://portal.gov.cz/app/RejData/rec.jsp?id=98719&amp;id_rej=97899&amp;y=2015&amp;m=04&amp;doctype=vazby</VazbyURL>
  	  <Zneplatneny>false</Zneplatneny>
  	</Polozka>
  	<Polozka>
  	  <ID>98766</ID>
  	  <PublikacniDZ>270051603</PublikacniDZ>
  	  <Publikator>x7cab34</Publikator>
  	  <DatumPublikace>2015-04-10</DatumPublikace>
  	  <DatumZmeny>2015-12-30</DatumZmeny>
  	  <PolozkaURL>https://portal.gov.cz/app/RejData/rec.jsp?id=98766&amp;id_rej=97899&amp;y=2015&amp;m=04&amp;doctype=xml</PolozkaURL>
  	  <VazbyURL>https://portal.gov.cz/app/RejData/rec.jsp?id=98766&amp;id_rej=97899&amp;y=2015&amp;m=04&amp;doctype=vazby</VazbyURL>
  	  <Zneplatneny>false</Zneplatneny>
  	</Polozka>
  	<Polozka>
  	  <ID>98791</ID>
  	  <PublikacniDZ>270050099</PublikacniDZ>
  	  <Publikator>x7cab34</Publikator>
  	  <DatumPublikace>2015-04-10</DatumPublikace>
  	  <DatumZmeny>2015-12-30</DatumZmeny>
  	  <PolozkaURL>https://portal.gov.cz/app/RejData/rec.jsp?id=98791&amp;id_rej=97899&amp;y=2015&amp;m=04&amp;doctype=xml</PolozkaURL>
  	  <VazbyURL>https://portal.gov.cz/app/RejData/rec.jsp?id=98791&amp;id_rej=97899&amp;y=2015&amp;m=04&amp;doctype=vazby</VazbyURL>
  	  <Zneplatneny>false</Zneplatneny>
  	</Polozka>
  	<Polozka>
  	  <ID>98803</ID>
  	  <PublikacniDZ>270051385</PublikacniDZ>
  	  <Publikator>x7cab34</Publikator>
  	  <DatumPublikace>2015-04-10</DatumPublikace>
  	  <DatumZmeny>2015-12-30</DatumZmeny>
  	  <PolozkaURL>https://portal.gov.cz/app/RejData/rec.jsp?id=98803&amp;id_rej=97899&amp;y=2015&amp;m=04&amp;doctype=xml</PolozkaURL>
  	  <VazbyURL>https://portal.gov.cz/app/RejData/rec.jsp?id=98803&amp;id_rej=97899&amp;y=2015&amp;m=04&amp;doctype=vazby</VazbyURL>
  	  <Zneplatneny>false</Zneplatneny>
  	</Polozka>
  	<Polozka>
  	  <ID>98852</ID>
  	  <PublikacniDZ>270054070</PublikacniDZ>
  	  <Publikator>xzeaauv</Publikator>
  	  <DatumPublikace>2015-04-10</DatumPublikace>
  	  <PolozkaURL>https://portal.gov.cz/app/RejData/rec.jsp?id=98852&amp;id_rej=97899&amp;y=2015&amp;m=04&amp;doctype=xml</PolozkaURL>
  	  <VazbyURL>https://portal.gov.cz/app/RejData/rec.jsp?id=98852&amp;id_rej=97899&amp;y=2015&amp;m=04&amp;doctype=vazby</VazbyURL>
  	  <Zneplatneny>false</Zneplatneny>
  	</Polozka>
  	<Polozka>
  	  <ID>99266</ID>
  	  <PublikacniDZ>270059269</PublikacniDZ>
  	  <Publikator>x7cab34</Publikator>
  	  <DatumPublikace>2015-04-10</DatumPublikace>
  	  <DatumZmeny>2015-12-30</DatumZmeny>
  	  <PolozkaURL>https://portal.gov.cz/app/RejData/rec.jsp?id=99266&amp;id_rej=97899&amp;y=2015&amp;m=04&amp;doctype=xml</PolozkaURL>
  	  <VazbyURL>https://portal.gov.cz/app/RejData/rec.jsp?id=99266&amp;id_rej=97899&amp;y=2015&amp;m=04&amp;doctype=vazby</VazbyURL>
  	  <Zneplatneny>false</Zneplatneny>
  	</Polozka>
  	<Polozka>
  	  <ID>226684</ID>
  	  <PublikacniDZ>274433531</PublikacniDZ>
  	  <Publikator>ksab3eu</Publikator>
  	  <DatumPublikace>2015-04-28</DatumPublikace>
  	  <PolozkaURL>https://portal.gov.cz/app/RejData/rec.jsp?id=226684&amp;id_rej=97899&amp;y=2015&amp;m=04&amp;doctype=xml</PolozkaURL>
  	  <VazbyURL>https://portal.gov.cz/app/RejData/rec.jsp?id=226684&amp;id_rej=97899&amp;y=2015&amp;m=04&amp;doctype=vazby</VazbyURL>
  	  <Zneplatneny>false</Zneplatneny>
  	</Polozka>
  	<Polozka>
  	  <ID>240781</ID>
  	  <PublikacniDZ>275072710</PublikacniDZ>
  	  <Publikator>2gfaasy</Publikator>
  	  <DatumPublikace>2015-04-30</DatumPublikace>
  	  <DatumZmeny>2017-04-05</DatumZmeny>
  	  <PolozkaURL>https://portal.gov.cz/app/RejData/rec.jsp?id=240781&amp;id_rej=97899&amp;y=2015&amp;m=04&amp;doctype=xml</PolozkaURL>
  	  <VazbyURL>https://portal.gov.cz/app/RejData/rec.jsp?id=240781&amp;id_rej=97899&amp;y=2015&amp;m=04&amp;doctype=vazby</VazbyURL>
  	  <Zneplatneny>false</Zneplatneny>
  	</Polozka>
  	<Polozka>
  	  <ID>240802</ID>
  	  <PublikacniDZ>275074277</PublikacniDZ>
  	  <Publikator>2gfaasy</Publikator>
  	  <DatumPublikace>2015-04-30</DatumPublikace>
  	  <PolozkaURL>https://portal.gov.cz/app/RejData/rec.jsp?id=240802&amp;id_rej=97899&amp;y=2015&amp;m=04&amp;doctype=xml</PolozkaURL>
  	  <VazbyURL>https://portal.gov.cz/app/RejData/rec.jsp?id=240802&amp;id_rej=97899&amp;y=2015&amp;m=04&amp;doctype=vazby</VazbyURL>
  	  <Zneplatneny>false</Zneplatneny>
  	</Polozka>

</Rejstrik>