<?xml version="1.0" encoding="UTF-8"?>
<Rejstrik xmlns="http://portal.gov.cz/portal/xsd/PvsRejstrikObsah" xmlns:xsi="http://www.w3.org/2001/XMLSchema-instance" xsi:schemaLocation="http://portal.gov.cz/portal/xsd/PvsRejstrikObsah http://portal.gov.cz/portal/xsd/PvsRejstrikObsah.xsd">
  <RejstrikID>97899</RejstrikID>
  	<Polozka>
  	  <ID>712404</ID>
  	  <PublikacniDZ>286037108</PublikacniDZ>
  	  <Publikator>s3caayq</Publikator>
  	  <DatumPublikace>2015-06-16</DatumPublikace>
  	  <PolozkaURL>https://portal.gov.cz/app/RejData/rec.jsp?id=712404&amp;id_rej=97899&amp;y=2015&amp;m=06&amp;doctype=xml</PolozkaURL>
  	  <VazbyURL>https://portal.gov.cz/app/RejData/rec.jsp?id=712404&amp;id_rej=97899&amp;y=2015&amp;m=06&amp;doctype=vazby</VazbyURL>
  	  <Zneplatneny>false</Zneplatneny>
  	</Polozka>
  	<Polozka>
  	  <ID>712412</ID>
  	  <PublikacniDZ>286037117</PublikacniDZ>
  	  <Publikator>s3caayq</Publikator>
  	  <DatumPublikace>2015-06-16</DatumPublikace>
  	  <PolozkaURL>https://portal.gov.cz/app/RejData/rec.jsp?id=712412&amp;id_rej=97899&amp;y=2015&amp;m=06&amp;doctype=xml</PolozkaURL>
  	  <VazbyURL>https://portal.gov.cz/app/RejData/rec.jsp?id=712412&amp;id_rej=97899&amp;y=2015&amp;m=06&amp;doctype=vazby</VazbyURL>
  	  <Zneplatneny>false</Zneplatneny>
  	</Polozka>
  	<Polozka>
  	  <ID>712388</ID>
  	  <PublikacniDZ>286036436</PublikacniDZ>
  	  <Publikator>s3caayq</Publikator>
  	  <DatumPublikace>2015-06-16</DatumPublikace>
  	  <PolozkaURL>https://portal.gov.cz/app/RejData/rec.jsp?id=712388&amp;id_rej=97899&amp;y=2015&amp;m=06&amp;doctype=xml</PolozkaURL>
  	  <VazbyURL>https://portal.gov.cz/app/RejData/rec.jsp?id=712388&amp;id_rej=97899&amp;y=2015&amp;m=06&amp;doctype=vazby</VazbyURL>
  	  <Zneplatneny>false</Zneplatneny>
  	</Polozka>
  	<Polozka>
  	  <ID>712396</ID>
  	  <PublikacniDZ>286036440</PublikacniDZ>
  	  <Publikator>s3caayq</Publikator>
  	  <DatumPublikace>2015-06-16</DatumPublikace>
  	  <PolozkaURL>https://portal.gov.cz/app/RejData/rec.jsp?id=712396&amp;id_rej=97899&amp;y=2015&amp;m=06&amp;doctype=xml</PolozkaURL>
  	  <VazbyURL>https://portal.gov.cz/app/RejData/rec.jsp?id=712396&amp;id_rej=97899&amp;y=2015&amp;m=06&amp;doctype=vazby</VazbyURL>
  	  <Zneplatneny>false</Zneplatneny>
  	</Polozka>
  	<Polozka>
  	  <ID>712420</ID>
  	  <PublikacniDZ>286038105</PublikacniDZ>
  	  <Publikator>s3caayq</Publikator>
  	  <DatumPublikace>2015-06-16</DatumPublikace>
  	  <PolozkaURL>https://portal.gov.cz/app/RejData/rec.jsp?id=712420&amp;id_rej=97899&amp;y=2015&amp;m=06&amp;doctype=xml</PolozkaURL>
  	  <VazbyURL>https://portal.gov.cz/app/RejData/rec.jsp?id=712420&amp;id_rej=97899&amp;y=2015&amp;m=06&amp;doctype=vazby</VazbyURL>
  	  <Zneplatneny>false</Zneplatneny>
  	</Polozka>

</Rejstrik>