<?xml version="1.0" encoding="UTF-8"?>
<Rejstrik xmlns="http://portal.gov.cz/portal/xsd/PvsRejstrikObsah" xmlns:xsi="http://www.w3.org/2001/XMLSchema-instance" xsi:schemaLocation="http://portal.gov.cz/portal/xsd/PvsRejstrikObsah http://portal.gov.cz/portal/xsd/PvsRejstrikObsah.xsd">
  <RejstrikID>97899</RejstrikID>
  	<Polozka>
  	  <ID>1645579</ID>
  	  <PublikacniDZ>318725413</PublikacniDZ>
  	  <Publikator>49kaiq3</Publikator>
  	  <DatumPublikace>2015-11-02</DatumPublikace>
  	  <PolozkaURL>https://portal.gov.cz/app/RejData/rec.jsp?id=1645579&amp;id_rej=97899&amp;y=2015&amp;m=11&amp;doctype=xml</PolozkaURL>
  	  <VazbyURL>https://portal.gov.cz/app/RejData/rec.jsp?id=1645579&amp;id_rej=97899&amp;y=2015&amp;m=11&amp;doctype=vazby</VazbyURL>
  	  <Zneplatneny>false</Zneplatneny>
  	</Polozka>
  	<Polozka>
  	  <ID>1889509</ID>
  	  <PublikacniDZ>324148511</PublikacniDZ>
  	  <Publikator>ksab3eu</Publikator>
  	  <DatumPublikace>2015-11-23</DatumPublikace>
  	  <PolozkaURL>https://portal.gov.cz/app/RejData/rec.jsp?id=1889509&amp;id_rej=97899&amp;y=2015&amp;m=11&amp;doctype=xml</PolozkaURL>
  	  <VazbyURL>https://portal.gov.cz/app/RejData/rec.jsp?id=1889509&amp;id_rej=97899&amp;y=2015&amp;m=11&amp;doctype=vazby</VazbyURL>
  	  <Zneplatneny>false</Zneplatneny>
  	</Polozka>

</Rejstrik>