<?xml version="1.0" encoding="UTF-8"?>
<Rejstrik xmlns="http://portal.gov.cz/portal/xsd/PvsRejstrikObsah" xmlns:xsi="http://www.w3.org/2001/XMLSchema-instance" xsi:schemaLocation="http://portal.gov.cz/portal/xsd/PvsRejstrikObsah http://portal.gov.cz/portal/xsd/PvsRejstrikObsah.xsd">
  <RejstrikID>97899</RejstrikID>
  	<Polozka>
  	  <ID>2346975</ID>
  	  <PublikacniDZ>332856679</PublikacniDZ>
  	  <Publikator>x7cab34</Publikator>
  	  <DatumPublikace>2015-12-30</DatumPublikace>
  	  <PolozkaURL>https://portal.gov.cz/app/RejData/rec.jsp?id=2346975&amp;id_rej=97899&amp;y=2015&amp;m=12&amp;doctype=xml</PolozkaURL>
  	  <VazbyURL>https://portal.gov.cz/app/RejData/rec.jsp?id=2346975&amp;id_rej=97899&amp;y=2015&amp;m=12&amp;doctype=vazby</VazbyURL>
  	  <Zneplatneny>false</Zneplatneny>
  	</Polozka>
  	<Polozka>
  	  <ID>2347020</ID>
  	  <PublikacniDZ>332858409</PublikacniDZ>
  	  <Publikator>x7cab34</Publikator>
  	  <DatumPublikace>2015-12-30</DatumPublikace>
  	  <PolozkaURL>https://portal.gov.cz/app/RejData/rec.jsp?id=2347020&amp;id_rej=97899&amp;y=2015&amp;m=12&amp;doctype=xml</PolozkaURL>
  	  <VazbyURL>https://portal.gov.cz/app/RejData/rec.jsp?id=2347020&amp;id_rej=97899&amp;y=2015&amp;m=12&amp;doctype=vazby</VazbyURL>
  	  <Zneplatneny>false</Zneplatneny>
  	</Polozka>

</Rejstrik>