<?xml version="1.0" encoding="UTF-8"?>
<Rejstrik xmlns="http://portal.gov.cz/portal/xsd/PvsRejstrikObsah" xmlns:xsi="http://www.w3.org/2001/XMLSchema-instance" xsi:schemaLocation="http://portal.gov.cz/portal/xsd/PvsRejstrikObsah http://portal.gov.cz/portal/xsd/PvsRejstrikObsah.xsd">
  <RejstrikID>97899</RejstrikID>
  	<Polozka>
  	  <ID>37020675</ID>
  	  <PublikacniDZ>380798464</PublikacniDZ>
  	  <Publikator>bebb2in</Publikator>
  	  <DatumPublikace>2016-06-22</DatumPublikace>
  	  <PolozkaURL>https://portal.gov.cz/app/RejData/rec.jsp?id=37020675&amp;id_rej=97899&amp;y=2016&amp;m=06&amp;doctype=xml</PolozkaURL>
  	  <VazbyURL>https://portal.gov.cz/app/RejData/rec.jsp?id=37020675&amp;id_rej=97899&amp;y=2016&amp;m=06&amp;doctype=vazby</VazbyURL>
  	  <Zneplatneny>false</Zneplatneny>
  	</Polozka>
  	<Polozka>
  	  <ID>37060209</ID>
  	  <PublikacniDZ>381298374</PublikacniDZ>
  	  <Publikator>8x6bxsd</Publikator>
  	  <DatumPublikace>2016-06-24</DatumPublikace>
  	  <PolozkaURL>https://portal.gov.cz/app/RejData/rec.jsp?id=37060209&amp;id_rej=97899&amp;y=2016&amp;m=06&amp;doctype=xml</PolozkaURL>
  	  <VazbyURL>https://portal.gov.cz/app/RejData/rec.jsp?id=37060209&amp;id_rej=97899&amp;y=2016&amp;m=06&amp;doctype=vazby</VazbyURL>
  	  <Zneplatneny>false</Zneplatneny>
  	</Polozka>
  	<Polozka>
  	  <ID>37065716</ID>
  	  <PublikacniDZ>381675472</PublikacniDZ>
  	  <Publikator>5zubv7w</Publikator>
  	  <DatumPublikace>2016-06-27</DatumPublikace>
  	  <DatumZmeny>2016-07-21</DatumZmeny>
  	  <PolozkaURL>https://portal.gov.cz/app/RejData/rec.jsp?id=37065716&amp;id_rej=97899&amp;y=2016&amp;m=06&amp;doctype=xml</PolozkaURL>
  	  <VazbyURL>https://portal.gov.cz/app/RejData/rec.jsp?id=37065716&amp;id_rej=97899&amp;y=2016&amp;m=06&amp;doctype=vazby</VazbyURL>
  	  <Zneplatneny>false</Zneplatneny>
  	</Polozka>
  	<Polozka>
  	  <ID>37085007</ID>
  	  <PublikacniDZ>382062794</PublikacniDZ>
  	  <Publikator>5zubv7w</Publikator>
  	  <DatumPublikace>2016-06-28</DatumPublikace>
  	  <DatumZmeny>2016-07-20</DatumZmeny>
  	  <PolozkaURL>https://portal.gov.cz/app/RejData/rec.jsp?id=37085007&amp;id_rej=97899&amp;y=2016&amp;m=06&amp;doctype=xml</PolozkaURL>
  	  <VazbyURL>https://portal.gov.cz/app/RejData/rec.jsp?id=37085007&amp;id_rej=97899&amp;y=2016&amp;m=06&amp;doctype=vazby</VazbyURL>
  	  <Zneplatneny>false</Zneplatneny>
  	</Polozka>
  	<Polozka>
  	  <ID>37085015</ID>
  	  <PublikacniDZ>382062837</PublikacniDZ>
  	  <Publikator>5zubv7w</Publikator>
  	  <DatumPublikace>2016-06-28</DatumPublikace>
  	  <DatumZmeny>2016-07-20</DatumZmeny>
  	  <PolozkaURL>https://portal.gov.cz/app/RejData/rec.jsp?id=37085015&amp;id_rej=97899&amp;y=2016&amp;m=06&amp;doctype=xml</PolozkaURL>
  	  <VazbyURL>https://portal.gov.cz/app/RejData/rec.jsp?id=37085015&amp;id_rej=97899&amp;y=2016&amp;m=06&amp;doctype=vazby</VazbyURL>
  	  <Zneplatneny>false</Zneplatneny>
  	</Polozka>
  	<Polozka>
  	  <ID>37085031</ID>
  	  <PublikacniDZ>382063077</PublikacniDZ>
  	  <Publikator>5zubv7w</Publikator>
  	  <DatumPublikace>2016-06-28</DatumPublikace>
  	  <DatumZmeny>2016-07-20</DatumZmeny>
  	  <PolozkaURL>https://portal.gov.cz/app/RejData/rec.jsp?id=37085031&amp;id_rej=97899&amp;y=2016&amp;m=06&amp;doctype=xml</PolozkaURL>
  	  <VazbyURL>https://portal.gov.cz/app/RejData/rec.jsp?id=37085031&amp;id_rej=97899&amp;y=2016&amp;m=06&amp;doctype=vazby</VazbyURL>
  	  <Zneplatneny>false</Zneplatneny>
  	</Polozka>
  	<Polozka>
  	  <ID>37085039</ID>
  	  <PublikacniDZ>382063079</PublikacniDZ>
  	  <Publikator>5zubv7w</Publikator>
  	  <DatumPublikace>2016-06-28</DatumPublikace>
  	  <DatumZmeny>2016-07-20</DatumZmeny>
  	  <PolozkaURL>https://portal.gov.cz/app/RejData/rec.jsp?id=37085039&amp;id_rej=97899&amp;y=2016&amp;m=06&amp;doctype=xml</PolozkaURL>
  	  <VazbyURL>https://portal.gov.cz/app/RejData/rec.jsp?id=37085039&amp;id_rej=97899&amp;y=2016&amp;m=06&amp;doctype=vazby</VazbyURL>
  	  <Zneplatneny>false</Zneplatneny>
  	</Polozka>
  	<Polozka>
  	  <ID>37085071</ID>
  	  <PublikacniDZ>382063253</PublikacniDZ>
  	  <Publikator>5zubv7w</Publikator>
  	  <DatumPublikace>2016-06-28</DatumPublikace>
  	  <DatumZmeny>2016-07-19</DatumZmeny>
  	  <PolozkaURL>https://portal.gov.cz/app/RejData/rec.jsp?id=37085071&amp;id_rej=97899&amp;y=2016&amp;m=06&amp;doctype=xml</PolozkaURL>
  	  <VazbyURL>https://portal.gov.cz/app/RejData/rec.jsp?id=37085071&amp;id_rej=97899&amp;y=2016&amp;m=06&amp;doctype=vazby</VazbyURL>
  	  <Zneplatneny>false</Zneplatneny>
  	</Polozka>
  	<Polozka>
  	  <ID>37085047</ID>
  	  <PublikacniDZ>382063089</PublikacniDZ>
  	  <Publikator>5zubv7w</Publikator>
  	  <DatumPublikace>2016-06-28</DatumPublikace>
  	  <DatumZmeny>2016-07-19</DatumZmeny>
  	  <PolozkaURL>https://portal.gov.cz/app/RejData/rec.jsp?id=37085047&amp;id_rej=97899&amp;y=2016&amp;m=06&amp;doctype=xml</PolozkaURL>
  	  <VazbyURL>https://portal.gov.cz/app/RejData/rec.jsp?id=37085047&amp;id_rej=97899&amp;y=2016&amp;m=06&amp;doctype=vazby</VazbyURL>
  	  <Zneplatneny>false</Zneplatneny>
  	</Polozka>
  	<Polozka>
  	  <ID>37085023</ID>
  	  <PublikacniDZ>382063030</PublikacniDZ>
  	  <Publikator>5zubv7w</Publikator>
  	  <DatumPublikace>2016-06-28</DatumPublikace>
  	  <DatumZmeny>2016-07-20</DatumZmeny>
  	  <PolozkaURL>https://portal.gov.cz/app/RejData/rec.jsp?id=37085023&amp;id_rej=97899&amp;y=2016&amp;m=06&amp;doctype=xml</PolozkaURL>
  	  <VazbyURL>https://portal.gov.cz/app/RejData/rec.jsp?id=37085023&amp;id_rej=97899&amp;y=2016&amp;m=06&amp;doctype=vazby</VazbyURL>
  	  <Zneplatneny>false</Zneplatneny>
  	</Polozka>
  	<Polozka>
  	  <ID>37085079</ID>
  	  <PublikacniDZ>382063321</PublikacniDZ>
  	  <Publikator>5zubv7w</Publikator>
  	  <DatumPublikace>2016-06-28</DatumPublikace>
  	  <DatumZmeny>2016-07-19</DatumZmeny>
  	  <PolozkaURL>https://portal.gov.cz/app/RejData/rec.jsp?id=37085079&amp;id_rej=97899&amp;y=2016&amp;m=06&amp;doctype=xml</PolozkaURL>
  	  <VazbyURL>https://portal.gov.cz/app/RejData/rec.jsp?id=37085079&amp;id_rej=97899&amp;y=2016&amp;m=06&amp;doctype=vazby</VazbyURL>
  	  <Zneplatneny>false</Zneplatneny>
  	</Polozka>
  	<Polozka>
  	  <ID>37085055</ID>
  	  <PublikacniDZ>382063173</PublikacniDZ>
  	  <Publikator>5zubv7w</Publikator>
  	  <DatumPublikace>2016-06-28</DatumPublikace>
  	  <DatumZmeny>2016-07-19</DatumZmeny>
  	  <PolozkaURL>https://portal.gov.cz/app/RejData/rec.jsp?id=37085055&amp;id_rej=97899&amp;y=2016&amp;m=06&amp;doctype=xml</PolozkaURL>
  	  <VazbyURL>https://portal.gov.cz/app/RejData/rec.jsp?id=37085055&amp;id_rej=97899&amp;y=2016&amp;m=06&amp;doctype=vazby</VazbyURL>
  	  <Zneplatneny>false</Zneplatneny>
  	</Polozka>
  	<Polozka>
  	  <ID>37085063</ID>
  	  <PublikacniDZ>382063177</PublikacniDZ>
  	  <Publikator>5zubv7w</Publikator>
  	  <DatumPublikace>2016-06-28</DatumPublikace>
  	  <DatumZmeny>2016-07-19</DatumZmeny>
  	  <PolozkaURL>https://portal.gov.cz/app/RejData/rec.jsp?id=37085063&amp;id_rej=97899&amp;y=2016&amp;m=06&amp;doctype=xml</PolozkaURL>
  	  <VazbyURL>https://portal.gov.cz/app/RejData/rec.jsp?id=37085063&amp;id_rej=97899&amp;y=2016&amp;m=06&amp;doctype=vazby</VazbyURL>
  	  <Zneplatneny>false</Zneplatneny>
  	</Polozka>
  	<Polozka>
  	  <ID>37085087</ID>
  	  <PublikacniDZ>382063567</PublikacniDZ>
  	  <Publikator>5zubv7w</Publikator>
  	  <DatumPublikace>2016-06-28</DatumPublikace>
  	  <DatumZmeny>2016-07-19</DatumZmeny>
  	  <PolozkaURL>https://portal.gov.cz/app/RejData/rec.jsp?id=37085087&amp;id_rej=97899&amp;y=2016&amp;m=06&amp;doctype=xml</PolozkaURL>
  	  <VazbyURL>https://portal.gov.cz/app/RejData/rec.jsp?id=37085087&amp;id_rej=97899&amp;y=2016&amp;m=06&amp;doctype=vazby</VazbyURL>
  	  <Zneplatneny>false</Zneplatneny>
  	</Polozka>
  	<Polozka>
  	  <ID>37085111</ID>
  	  <PublikacniDZ>382063901</PublikacniDZ>
  	  <Publikator>5zubv7w</Publikator>
  	  <DatumPublikace>2016-06-28</DatumPublikace>
  	  <DatumZmeny>2016-07-18</DatumZmeny>
  	  <PolozkaURL>https://portal.gov.cz/app/RejData/rec.jsp?id=37085111&amp;id_rej=97899&amp;y=2016&amp;m=06&amp;doctype=xml</PolozkaURL>
  	  <VazbyURL>https://portal.gov.cz/app/RejData/rec.jsp?id=37085111&amp;id_rej=97899&amp;y=2016&amp;m=06&amp;doctype=vazby</VazbyURL>
  	  <Zneplatneny>false</Zneplatneny>
  	</Polozka>
  	<Polozka>
  	  <ID>37085119</ID>
  	  <PublikacniDZ>382064029</PublikacniDZ>
  	  <Publikator>5zubv7w</Publikator>
  	  <DatumPublikace>2016-06-28</DatumPublikace>
  	  <DatumZmeny>2016-07-21</DatumZmeny>
  	  <PolozkaURL>https://portal.gov.cz/app/RejData/rec.jsp?id=37085119&amp;id_rej=97899&amp;y=2016&amp;m=06&amp;doctype=xml</PolozkaURL>
  	  <VazbyURL>https://portal.gov.cz/app/RejData/rec.jsp?id=37085119&amp;id_rej=97899&amp;y=2016&amp;m=06&amp;doctype=vazby</VazbyURL>
  	  <Zneplatneny>false</Zneplatneny>
  	</Polozka>
  	<Polozka>
  	  <ID>37085127</ID>
  	  <PublikacniDZ>382064105</PublikacniDZ>
  	  <Publikator>5zubv7w</Publikator>
  	  <DatumPublikace>2016-06-28</DatumPublikace>
  	  <DatumZmeny>2016-07-19</DatumZmeny>
  	  <PolozkaURL>https://portal.gov.cz/app/RejData/rec.jsp?id=37085127&amp;id_rej=97899&amp;y=2016&amp;m=06&amp;doctype=xml</PolozkaURL>
  	  <VazbyURL>https://portal.gov.cz/app/RejData/rec.jsp?id=37085127&amp;id_rej=97899&amp;y=2016&amp;m=06&amp;doctype=vazby</VazbyURL>
  	  <Zneplatneny>false</Zneplatneny>
  	</Polozka>
  	<Polozka>
  	  <ID>37085135</ID>
  	  <PublikacniDZ>382064114</PublikacniDZ>
  	  <Publikator>5zubv7w</Publikator>
  	  <DatumPublikace>2016-06-28</DatumPublikace>
  	  <DatumZmeny>2016-07-25</DatumZmeny>
  	  <PolozkaURL>https://portal.gov.cz/app/RejData/rec.jsp?id=37085135&amp;id_rej=97899&amp;y=2016&amp;m=06&amp;doctype=xml</PolozkaURL>
  	  <VazbyURL>https://portal.gov.cz/app/RejData/rec.jsp?id=37085135&amp;id_rej=97899&amp;y=2016&amp;m=06&amp;doctype=vazby</VazbyURL>
  	  <Zneplatneny>false</Zneplatneny>
  	</Polozka>
  	<Polozka>
  	  <ID>37085095</ID>
  	  <PublikacniDZ>382063685</PublikacniDZ>
  	  <Publikator>5zubv7w</Publikator>
  	  <DatumPublikace>2016-06-28</DatumPublikace>
  	  <DatumZmeny>2016-07-25</DatumZmeny>
  	  <PolozkaURL>https://portal.gov.cz/app/RejData/rec.jsp?id=37085095&amp;id_rej=97899&amp;y=2016&amp;m=06&amp;doctype=xml</PolozkaURL>
  	  <VazbyURL>https://portal.gov.cz/app/RejData/rec.jsp?id=37085095&amp;id_rej=97899&amp;y=2016&amp;m=06&amp;doctype=vazby</VazbyURL>
  	  <Zneplatneny>false</Zneplatneny>
  	</Polozka>
  	<Polozka>
  	  <ID>37085159</ID>
  	  <PublikacniDZ>382064334</PublikacniDZ>
  	  <Publikator>5zubv7w</Publikator>
  	  <DatumPublikace>2016-06-28</DatumPublikace>
  	  <DatumZmeny>2016-07-25</DatumZmeny>
  	  <PolozkaURL>https://portal.gov.cz/app/RejData/rec.jsp?id=37085159&amp;id_rej=97899&amp;y=2016&amp;m=06&amp;doctype=xml</PolozkaURL>
  	  <VazbyURL>https://portal.gov.cz/app/RejData/rec.jsp?id=37085159&amp;id_rej=97899&amp;y=2016&amp;m=06&amp;doctype=vazby</VazbyURL>
  	  <Zneplatneny>false</Zneplatneny>
  	</Polozka>
  	<Polozka>
  	  <ID>37085103</ID>
  	  <PublikacniDZ>382063692</PublikacniDZ>
  	  <Publikator>5zubv7w</Publikator>
  	  <DatumPublikace>2016-06-28</DatumPublikace>
  	  <DatumZmeny>2016-07-19</DatumZmeny>
  	  <PolozkaURL>https://portal.gov.cz/app/RejData/rec.jsp?id=37085103&amp;id_rej=97899&amp;y=2016&amp;m=06&amp;doctype=xml</PolozkaURL>
  	  <VazbyURL>https://portal.gov.cz/app/RejData/rec.jsp?id=37085103&amp;id_rej=97899&amp;y=2016&amp;m=06&amp;doctype=vazby</VazbyURL>
  	  <Zneplatneny>false</Zneplatneny>
  	</Polozka>
  	<Polozka>
  	  <ID>37085151</ID>
  	  <PublikacniDZ>382064234</PublikacniDZ>
  	  <Publikator>5zubv7w</Publikator>
  	  <DatumPublikace>2016-06-28</DatumPublikace>
  	  <DatumZmeny>2016-07-19</DatumZmeny>
  	  <PolozkaURL>https://portal.gov.cz/app/RejData/rec.jsp?id=37085151&amp;id_rej=97899&amp;y=2016&amp;m=06&amp;doctype=xml</PolozkaURL>
  	  <VazbyURL>https://portal.gov.cz/app/RejData/rec.jsp?id=37085151&amp;id_rej=97899&amp;y=2016&amp;m=06&amp;doctype=vazby</VazbyURL>
  	  <Zneplatneny>false</Zneplatneny>
  	</Polozka>
  	<Polozka>
  	  <ID>37085167</ID>
  	  <PublikacniDZ>382064518</PublikacniDZ>
  	  <Publikator>5zubv7w</Publikator>
  	  <DatumPublikace>2016-06-28</DatumPublikace>
  	  <DatumZmeny>2016-07-18</DatumZmeny>
  	  <PolozkaURL>https://portal.gov.cz/app/RejData/rec.jsp?id=37085167&amp;id_rej=97899&amp;y=2016&amp;m=06&amp;doctype=xml</PolozkaURL>
  	  <VazbyURL>https://portal.gov.cz/app/RejData/rec.jsp?id=37085167&amp;id_rej=97899&amp;y=2016&amp;m=06&amp;doctype=vazby</VazbyURL>
  	  <Zneplatneny>false</Zneplatneny>
  	</Polozka>
  	<Polozka>
  	  <ID>37085183</ID>
  	  <PublikacniDZ>382064575</PublikacniDZ>
  	  <Publikator>5zubv7w</Publikator>
  	  <DatumPublikace>2016-06-28</DatumPublikace>
  	  <DatumZmeny>2016-07-18</DatumZmeny>
  	  <PolozkaURL>https://portal.gov.cz/app/RejData/rec.jsp?id=37085183&amp;id_rej=97899&amp;y=2016&amp;m=06&amp;doctype=xml</PolozkaURL>
  	  <VazbyURL>https://portal.gov.cz/app/RejData/rec.jsp?id=37085183&amp;id_rej=97899&amp;y=2016&amp;m=06&amp;doctype=vazby</VazbyURL>
  	  <Zneplatneny>false</Zneplatneny>
  	</Polozka>
  	<Polozka>
  	  <ID>37085191</ID>
  	  <PublikacniDZ>382064579</PublikacniDZ>
  	  <Publikator>5zubv7w</Publikator>
  	  <DatumPublikace>2016-06-28</DatumPublikace>
  	  <DatumZmeny>2016-07-18</DatumZmeny>
  	  <PolozkaURL>https://portal.gov.cz/app/RejData/rec.jsp?id=37085191&amp;id_rej=97899&amp;y=2016&amp;m=06&amp;doctype=xml</PolozkaURL>
  	  <VazbyURL>https://portal.gov.cz/app/RejData/rec.jsp?id=37085191&amp;id_rej=97899&amp;y=2016&amp;m=06&amp;doctype=vazby</VazbyURL>
  	  <Zneplatneny>false</Zneplatneny>
  	</Polozka>
  	<Polozka>
  	  <ID>37085143</ID>
  	  <PublikacniDZ>382064139</PublikacniDZ>
  	  <Publikator>5zubv7w</Publikator>
  	  <DatumPublikace>2016-06-28</DatumPublikace>
  	  <DatumZmeny>2016-07-19</DatumZmeny>
  	  <PolozkaURL>https://portal.gov.cz/app/RejData/rec.jsp?id=37085143&amp;id_rej=97899&amp;y=2016&amp;m=06&amp;doctype=xml</PolozkaURL>
  	  <VazbyURL>https://portal.gov.cz/app/RejData/rec.jsp?id=37085143&amp;id_rej=97899&amp;y=2016&amp;m=06&amp;doctype=vazby</VazbyURL>
  	  <Zneplatneny>false</Zneplatneny>
  	</Polozka>
  	<Polozka>
  	  <ID>37085175</ID>
  	  <PublikacniDZ>382064533</PublikacniDZ>
  	  <Publikator>5zubv7w</Publikator>
  	  <DatumPublikace>2016-06-28</DatumPublikace>
  	  <DatumZmeny>2016-07-18</DatumZmeny>
  	  <PolozkaURL>https://portal.gov.cz/app/RejData/rec.jsp?id=37085175&amp;id_rej=97899&amp;y=2016&amp;m=06&amp;doctype=xml</PolozkaURL>
  	  <VazbyURL>https://portal.gov.cz/app/RejData/rec.jsp?id=37085175&amp;id_rej=97899&amp;y=2016&amp;m=06&amp;doctype=vazby</VazbyURL>
  	  <Zneplatneny>false</Zneplatneny>
  	</Polozka>
  	<Polozka>
  	  <ID>37085199</ID>
  	  <PublikacniDZ>382064596</PublikacniDZ>
  	  <Publikator>5zubv7w</Publikator>
  	  <DatumPublikace>2016-06-28</DatumPublikace>
  	  <DatumZmeny>2016-07-26</DatumZmeny>
  	  <PolozkaURL>https://portal.gov.cz/app/RejData/rec.jsp?id=37085199&amp;id_rej=97899&amp;y=2016&amp;m=06&amp;doctype=xml</PolozkaURL>
  	  <VazbyURL>https://portal.gov.cz/app/RejData/rec.jsp?id=37085199&amp;id_rej=97899&amp;y=2016&amp;m=06&amp;doctype=vazby</VazbyURL>
  	  <Zneplatneny>false</Zneplatneny>
  	</Polozka>
  	<Polozka>
  	  <ID>37085532</ID>
  	  <PublikacniDZ>382066170</PublikacniDZ>
  	  <Publikator>5zubv7w</Publikator>
  	  <DatumPublikace>2016-06-28</DatumPublikace>
  	  <DatumZmeny>2016-07-21</DatumZmeny>
  	  <PolozkaURL>https://portal.gov.cz/app/RejData/rec.jsp?id=37085532&amp;id_rej=97899&amp;y=2016&amp;m=06&amp;doctype=xml</PolozkaURL>
  	  <VazbyURL>https://portal.gov.cz/app/RejData/rec.jsp?id=37085532&amp;id_rej=97899&amp;y=2016&amp;m=06&amp;doctype=vazby</VazbyURL>
  	  <Zneplatneny>false</Zneplatneny>
  	</Polozka>
  	<Polozka>
  	  <ID>37085540</ID>
  	  <PublikacniDZ>382066237</PublikacniDZ>
  	  <Publikator>5zubv7w</Publikator>
  	  <DatumPublikace>2016-06-28</DatumPublikace>
  	  <DatumZmeny>2016-07-15</DatumZmeny>
  	  <PolozkaURL>https://portal.gov.cz/app/RejData/rec.jsp?id=37085540&amp;id_rej=97899&amp;y=2016&amp;m=06&amp;doctype=xml</PolozkaURL>
  	  <VazbyURL>https://portal.gov.cz/app/RejData/rec.jsp?id=37085540&amp;id_rej=97899&amp;y=2016&amp;m=06&amp;doctype=vazby</VazbyURL>
  	  <Zneplatneny>false</Zneplatneny>
  	</Polozka>
  	<Polozka>
  	  <ID>37085548</ID>
  	  <PublikacniDZ>382066394</PublikacniDZ>
  	  <Publikator>5zubv7w</Publikator>
  	  <DatumPublikace>2016-06-28</DatumPublikace>
  	  <DatumZmeny>2016-07-18</DatumZmeny>
  	  <PolozkaURL>https://portal.gov.cz/app/RejData/rec.jsp?id=37085548&amp;id_rej=97899&amp;y=2016&amp;m=06&amp;doctype=xml</PolozkaURL>
  	  <VazbyURL>https://portal.gov.cz/app/RejData/rec.jsp?id=37085548&amp;id_rej=97899&amp;y=2016&amp;m=06&amp;doctype=vazby</VazbyURL>
  	  <Zneplatneny>false</Zneplatneny>
  	</Polozka>
  	<Polozka>
  	  <ID>37134936</ID>
  	  <PublikacniDZ>382750214</PublikacniDZ>
  	  <Publikator>n75aau3</Publikator>
  	  <DatumPublikace>2016-06-30</DatumPublikace>
  	  <DatumZmeny>2017-01-23</DatumZmeny>
  	  <PolozkaURL>https://portal.gov.cz/app/RejData/rec.jsp?id=37134936&amp;id_rej=97899&amp;y=2016&amp;m=06&amp;doctype=xml</PolozkaURL>
  	  <VazbyURL></VazbyURL>
  	  <Zneplatneny>true</Zneplatneny>
  	</Polozka>
  	<Polozka>
  	  <ID>37134952</ID>
  	  <PublikacniDZ>382750217</PublikacniDZ>
  	  <Publikator>n75aau3</Publikator>
  	  <DatumPublikace>2016-06-30</DatumPublikace>
  	  <DatumZmeny>2017-01-23</DatumZmeny>
  	  <PolozkaURL>https://portal.gov.cz/app/RejData/rec.jsp?id=37134952&amp;id_rej=97899&amp;y=2016&amp;m=06&amp;doctype=xml</PolozkaURL>
  	  <VazbyURL></VazbyURL>
  	  <Zneplatneny>true</Zneplatneny>
  	</Polozka>
  	<Polozka>
  	  <ID>37134944</ID>
  	  <PublikacniDZ>382750216</PublikacniDZ>
  	  <Publikator>n75aau3</Publikator>
  	  <DatumPublikace>2016-06-30</DatumPublikace>
  	  <DatumZmeny>2017-01-23</DatumZmeny>
  	  <PolozkaURL>https://portal.gov.cz/app/RejData/rec.jsp?id=37134944&amp;id_rej=97899&amp;y=2016&amp;m=06&amp;doctype=xml</PolozkaURL>
  	  <VazbyURL></VazbyURL>
  	  <Zneplatneny>true</Zneplatneny>
  	</Polozka>
  	<Polozka>
  	  <ID>37134984</ID>
  	  <PublikacniDZ>382750222</PublikacniDZ>
  	  <Publikator>n75aau3</Publikator>
  	  <DatumPublikace>2016-06-30</DatumPublikace>
  	  <DatumZmeny>2017-01-23</DatumZmeny>
  	  <PolozkaURL>https://portal.gov.cz/app/RejData/rec.jsp?id=37134984&amp;id_rej=97899&amp;y=2016&amp;m=06&amp;doctype=xml</PolozkaURL>
  	  <VazbyURL></VazbyURL>
  	  <Zneplatneny>true</Zneplatneny>
  	</Polozka>
  	<Polozka>
  	  <ID>37134968</ID>
  	  <PublikacniDZ>382750219</PublikacniDZ>
  	  <Publikator>n75aau3</Publikator>
  	  <DatumPublikace>2016-06-30</DatumPublikace>
  	  <DatumZmeny>2017-01-23</DatumZmeny>
  	  <PolozkaURL>https://portal.gov.cz/app/RejData/rec.jsp?id=37134968&amp;id_rej=97899&amp;y=2016&amp;m=06&amp;doctype=xml</PolozkaURL>
  	  <VazbyURL></VazbyURL>
  	  <Zneplatneny>true</Zneplatneny>
  	</Polozka>
  	<Polozka>
  	  <ID>37134976</ID>
  	  <PublikacniDZ>382750221</PublikacniDZ>
  	  <Publikator>n75aau3</Publikator>
  	  <DatumPublikace>2016-06-30</DatumPublikace>
  	  <DatumZmeny>2017-01-23</DatumZmeny>
  	  <PolozkaURL>https://portal.gov.cz/app/RejData/rec.jsp?id=37134976&amp;id_rej=97899&amp;y=2016&amp;m=06&amp;doctype=xml</PolozkaURL>
  	  <VazbyURL></VazbyURL>
  	  <Zneplatneny>true</Zneplatneny>
  	</Polozka>
  	<Polozka>
  	  <ID>37134960</ID>
  	  <PublikacniDZ>382750218</PublikacniDZ>
  	  <Publikator>n75aau3</Publikator>
  	  <DatumPublikace>2016-06-30</DatumPublikace>
  	  <PolozkaURL>https://portal.gov.cz/app/RejData/rec.jsp?id=37134960&amp;id_rej=97899&amp;y=2016&amp;m=06&amp;doctype=xml</PolozkaURL>
  	  <VazbyURL></VazbyURL>
  	  <Zneplatneny>true</Zneplatneny>
  	</Polozka>
  	<Polozka>
  	  <ID>37134928</ID>
  	  <PublikacniDZ>382749884</PublikacniDZ>
  	  <Publikator>n75aau3</Publikator>
  	  <DatumPublikace>2016-06-30</DatumPublikace>
  	  <DatumZmeny>2017-01-23</DatumZmeny>
  	  <PolozkaURL>https://portal.gov.cz/app/RejData/rec.jsp?id=37134928&amp;id_rej=97899&amp;y=2016&amp;m=06&amp;doctype=xml</PolozkaURL>
  	  <VazbyURL></VazbyURL>
  	  <Zneplatneny>true</Zneplatneny>
  	</Polozka>
  	<Polozka>
  	  <ID>37134992</ID>
  	  <PublikacniDZ>382750223</PublikacniDZ>
  	  <Publikator>n75aau3</Publikator>
  	  <DatumPublikace>2016-06-30</DatumPublikace>
  	  <DatumZmeny>2017-01-23</DatumZmeny>
  	  <PolozkaURL>https://portal.gov.cz/app/RejData/rec.jsp?id=37134992&amp;id_rej=97899&amp;y=2016&amp;m=06&amp;doctype=xml</PolozkaURL>
  	  <VazbyURL></VazbyURL>
  	  <Zneplatneny>true</Zneplatneny>
  	</Polozka>
  	<Polozka>
  	  <ID>37135261</ID>
  	  <PublikacniDZ>382766158</PublikacniDZ>
  	  <Publikator>n75aau3</Publikator>
  	  <DatumPublikace>2016-06-30</DatumPublikace>
  	  <DatumZmeny>2017-01-23</DatumZmeny>
  	  <PolozkaURL>https://portal.gov.cz/app/RejData/rec.jsp?id=37135261&amp;id_rej=97899&amp;y=2016&amp;m=06&amp;doctype=xml</PolozkaURL>
  	  <VazbyURL></VazbyURL>
  	  <Zneplatneny>true</Zneplatneny>
  	</Polozka>
  	<Polozka>
  	  <ID>37135181</ID>
  	  <PublikacniDZ>382766034</PublikacniDZ>
  	  <Publikator>n75aau3</Publikator>
  	  <DatumPublikace>2016-06-30</DatumPublikace>
  	  <DatumZmeny>2017-01-23</DatumZmeny>
  	  <PolozkaURL>https://portal.gov.cz/app/RejData/rec.jsp?id=37135181&amp;id_rej=97899&amp;y=2016&amp;m=06&amp;doctype=xml</PolozkaURL>
  	  <VazbyURL></VazbyURL>
  	  <Zneplatneny>true</Zneplatneny>
  	</Polozka>
  	<Polozka>
  	  <ID>37135189</ID>
  	  <PublikacniDZ>382766036</PublikacniDZ>
  	  <Publikator>n75aau3</Publikator>
  	  <DatumPublikace>2016-06-30</DatumPublikace>
  	  <DatumZmeny>2017-01-23</DatumZmeny>
  	  <PolozkaURL>https://portal.gov.cz/app/RejData/rec.jsp?id=37135189&amp;id_rej=97899&amp;y=2016&amp;m=06&amp;doctype=xml</PolozkaURL>
  	  <VazbyURL></VazbyURL>
  	  <Zneplatneny>true</Zneplatneny>
  	</Polozka>
  	<Polozka>
  	  <ID>37135205</ID>
  	  <PublikacniDZ>382766038</PublikacniDZ>
  	  <Publikator>n75aau3</Publikator>
  	  <DatumPublikace>2016-06-30</DatumPublikace>
  	  <DatumZmeny>2017-01-23</DatumZmeny>
  	  <PolozkaURL>https://portal.gov.cz/app/RejData/rec.jsp?id=37135205&amp;id_rej=97899&amp;y=2016&amp;m=06&amp;doctype=xml</PolozkaURL>
  	  <VazbyURL></VazbyURL>
  	  <Zneplatneny>true</Zneplatneny>
  	</Polozka>
  	<Polozka>
  	  <ID>37135197</ID>
  	  <PublikacniDZ>382766037</PublikacniDZ>
  	  <Publikator>n75aau3</Publikator>
  	  <DatumPublikace>2016-06-30</DatumPublikace>
  	  <DatumZmeny>2017-01-23</DatumZmeny>
  	  <PolozkaURL>https://portal.gov.cz/app/RejData/rec.jsp?id=37135197&amp;id_rej=97899&amp;y=2016&amp;m=06&amp;doctype=xml</PolozkaURL>
  	  <VazbyURL></VazbyURL>
  	  <Zneplatneny>true</Zneplatneny>
  	</Polozka>
  	<Polozka>
  	  <ID>37135213</ID>
  	  <PublikacniDZ>382766043</PublikacniDZ>
  	  <Publikator>n75aau3</Publikator>
  	  <DatumPublikace>2016-06-30</DatumPublikace>
  	  <DatumZmeny>2017-01-23</DatumZmeny>
  	  <PolozkaURL>https://portal.gov.cz/app/RejData/rec.jsp?id=37135213&amp;id_rej=97899&amp;y=2016&amp;m=06&amp;doctype=xml</PolozkaURL>
  	  <VazbyURL></VazbyURL>
  	  <Zneplatneny>true</Zneplatneny>
  	</Polozka>
  	<Polozka>
  	  <ID>37135221</ID>
  	  <PublikacniDZ>382766044</PublikacniDZ>
  	  <Publikator>n75aau3</Publikator>
  	  <DatumPublikace>2016-06-30</DatumPublikace>
  	  <DatumZmeny>2017-01-23</DatumZmeny>
  	  <PolozkaURL>https://portal.gov.cz/app/RejData/rec.jsp?id=37135221&amp;id_rej=97899&amp;y=2016&amp;m=06&amp;doctype=xml</PolozkaURL>
  	  <VazbyURL></VazbyURL>
  	  <Zneplatneny>true</Zneplatneny>
  	</Polozka>
  	<Polozka>
  	  <ID>37135237</ID>
  	  <PublikacniDZ>382766046</PublikacniDZ>
  	  <Publikator>n75aau3</Publikator>
  	  <DatumPublikace>2016-06-30</DatumPublikace>
  	  <DatumZmeny>2017-01-23</DatumZmeny>
  	  <PolozkaURL>https://portal.gov.cz/app/RejData/rec.jsp?id=37135237&amp;id_rej=97899&amp;y=2016&amp;m=06&amp;doctype=xml</PolozkaURL>
  	  <VazbyURL></VazbyURL>
  	  <Zneplatneny>true</Zneplatneny>
  	</Polozka>
  	<Polozka>
  	  <ID>37135229</ID>
  	  <PublikacniDZ>382766045</PublikacniDZ>
  	  <Publikator>n75aau3</Publikator>
  	  <DatumPublikace>2016-06-30</DatumPublikace>
  	  <DatumZmeny>2017-01-23</DatumZmeny>
  	  <PolozkaURL>https://portal.gov.cz/app/RejData/rec.jsp?id=37135229&amp;id_rej=97899&amp;y=2016&amp;m=06&amp;doctype=xml</PolozkaURL>
  	  <VazbyURL></VazbyURL>
  	  <Zneplatneny>true</Zneplatneny>
  	</Polozka>
  	<Polozka>
  	  <ID>37135245</ID>
  	  <PublikacniDZ>382766047</PublikacniDZ>
  	  <Publikator>n75aau3</Publikator>
  	  <DatumPublikace>2016-06-30</DatumPublikace>
  	  <DatumZmeny>2017-01-23</DatumZmeny>
  	  <PolozkaURL>https://portal.gov.cz/app/RejData/rec.jsp?id=37135245&amp;id_rej=97899&amp;y=2016&amp;m=06&amp;doctype=xml</PolozkaURL>
  	  <VazbyURL></VazbyURL>
  	  <Zneplatneny>true</Zneplatneny>
  	</Polozka>

</Rejstrik>