<?xml version="1.0" encoding="UTF-8"?>
<Rejstrik xmlns="http://portal.gov.cz/portal/xsd/PvsRejstrikObsah" xmlns:xsi="http://www.w3.org/2001/XMLSchema-instance" xsi:schemaLocation="http://portal.gov.cz/portal/xsd/PvsRejstrikObsah http://portal.gov.cz/portal/xsd/PvsRejstrikObsah.xsd">
  <RejstrikID>97899</RejstrikID>
  	<Polozka>
  	  <ID>3111529</ID>
  	  <PublikacniDZ>349827747</PublikacniDZ>
  	  <Publikator>a9qaats</Publikator>
  	  <DatumPublikace>2016-03-02</DatumPublikace>
  	  <DatumZmeny>2016-03-03</DatumZmeny>
  	  <PolozkaURL>https://portal.gov.cz/app/RejData/rec.jsp?id=3111529&amp;id_rej=97899&amp;y=2016&amp;m=03&amp;doctype=xml</PolozkaURL>
  	  <VazbyURL>https://portal.gov.cz/app/RejData/rec.jsp?id=3111529&amp;id_rej=97899&amp;y=2016&amp;m=03&amp;doctype=vazby</VazbyURL>
  	  <Zneplatneny>false</Zneplatneny>
  	</Polozka>
  	<Polozka>
  	  <ID>3160042</ID>
  	  <PublikacniDZ>352372773</PublikacniDZ>
  	  <Publikator>n75aau3</Publikator>
  	  <DatumPublikace>2016-03-11</DatumPublikace>
  	  <DatumZmeny>2017-01-23</DatumZmeny>
  	  <PolozkaURL>https://portal.gov.cz/app/RejData/rec.jsp?id=3160042&amp;id_rej=97899&amp;y=2016&amp;m=03&amp;doctype=xml</PolozkaURL>
  	  <VazbyURL></VazbyURL>
  	  <Zneplatneny>true</Zneplatneny>
  	</Polozka>
  	<Polozka>
  	  <ID>3160098</ID>
  	  <PublikacniDZ>352372966</PublikacniDZ>
  	  <Publikator>n75aau3</Publikator>
  	  <DatumPublikace>2016-03-11</DatumPublikace>
  	  <DatumZmeny>2017-01-23</DatumZmeny>
  	  <PolozkaURL>https://portal.gov.cz/app/RejData/rec.jsp?id=3160098&amp;id_rej=97899&amp;y=2016&amp;m=03&amp;doctype=xml</PolozkaURL>
  	  <VazbyURL></VazbyURL>
  	  <Zneplatneny>true</Zneplatneny>
  	</Polozka>
  	<Polozka>
  	  <ID>3160090</ID>
  	  <PublikacniDZ>352372965</PublikacniDZ>
  	  <Publikator>n75aau3</Publikator>
  	  <DatumPublikace>2016-03-11</DatumPublikace>
  	  <DatumZmeny>2017-01-23</DatumZmeny>
  	  <PolozkaURL>https://portal.gov.cz/app/RejData/rec.jsp?id=3160090&amp;id_rej=97899&amp;y=2016&amp;m=03&amp;doctype=xml</PolozkaURL>
  	  <VazbyURL></VazbyURL>
  	  <Zneplatneny>true</Zneplatneny>
  	</Polozka>
  	<Polozka>
  	  <ID>3160082</ID>
  	  <PublikacniDZ>352372964</PublikacniDZ>
  	  <Publikator>n75aau3</Publikator>
  	  <DatumPublikace>2016-03-11</DatumPublikace>
  	  <DatumZmeny>2017-01-23</DatumZmeny>
  	  <PolozkaURL>https://portal.gov.cz/app/RejData/rec.jsp?id=3160082&amp;id_rej=97899&amp;y=2016&amp;m=03&amp;doctype=xml</PolozkaURL>
  	  <VazbyURL></VazbyURL>
  	  <Zneplatneny>true</Zneplatneny>
  	</Polozka>
  	<Polozka>
  	  <ID>3160074</ID>
  	  <PublikacniDZ>352372963</PublikacniDZ>
  	  <Publikator>n75aau3</Publikator>
  	  <DatumPublikace>2016-03-11</DatumPublikace>
  	  <DatumZmeny>2017-01-23</DatumZmeny>
  	  <PolozkaURL>https://portal.gov.cz/app/RejData/rec.jsp?id=3160074&amp;id_rej=97899&amp;y=2016&amp;m=03&amp;doctype=xml</PolozkaURL>
  	  <VazbyURL></VazbyURL>
  	  <Zneplatneny>true</Zneplatneny>
  	</Polozka>
  	<Polozka>
  	  <ID>3160066</ID>
  	  <PublikacniDZ>352372962</PublikacniDZ>
  	  <Publikator>n75aau3</Publikator>
  	  <DatumPublikace>2016-03-11</DatumPublikace>
  	  <DatumZmeny>2017-01-23</DatumZmeny>
  	  <PolozkaURL>https://portal.gov.cz/app/RejData/rec.jsp?id=3160066&amp;id_rej=97899&amp;y=2016&amp;m=03&amp;doctype=xml</PolozkaURL>
  	  <VazbyURL></VazbyURL>
  	  <Zneplatneny>true</Zneplatneny>
  	</Polozka>
  	<Polozka>
  	  <ID>3160058</ID>
  	  <PublikacniDZ>352372776</PublikacniDZ>
  	  <Publikator>n75aau3</Publikator>
  	  <DatumPublikace>2016-03-11</DatumPublikace>
  	  <DatumZmeny>2017-01-23</DatumZmeny>
  	  <PolozkaURL>https://portal.gov.cz/app/RejData/rec.jsp?id=3160058&amp;id_rej=97899&amp;y=2016&amp;m=03&amp;doctype=xml</PolozkaURL>
  	  <VazbyURL></VazbyURL>
  	  <Zneplatneny>true</Zneplatneny>
  	</Polozka>
  	<Polozka>
  	  <ID>3160050</ID>
  	  <PublikacniDZ>352372774</PublikacniDZ>
  	  <Publikator>n75aau3</Publikator>
  	  <DatumPublikace>2016-03-11</DatumPublikace>
  	  <DatumZmeny>2017-01-23</DatumZmeny>
  	  <PolozkaURL>https://portal.gov.cz/app/RejData/rec.jsp?id=3160050&amp;id_rej=97899&amp;y=2016&amp;m=03&amp;doctype=xml</PolozkaURL>
  	  <VazbyURL></VazbyURL>
  	  <Zneplatneny>true</Zneplatneny>
  	</Polozka>
  	<Polozka>
  	  <ID>3384739</ID>
  	  <PublikacniDZ>356025108</PublikacniDZ>
  	  <Publikator>u3kbfuf</Publikator>
  	  <DatumPublikace>2016-03-24</DatumPublikace>
  	  <PolozkaURL>https://portal.gov.cz/app/RejData/rec.jsp?id=3384739&amp;id_rej=97899&amp;y=2016&amp;m=03&amp;doctype=xml</PolozkaURL>
  	  <VazbyURL>https://portal.gov.cz/app/RejData/rec.jsp?id=3384739&amp;id_rej=97899&amp;y=2016&amp;m=03&amp;doctype=vazby</VazbyURL>
  	  <Zneplatneny>false</Zneplatneny>
  	</Polozka>
  	<Polozka>
  	  <ID>3384768</ID>
  	  <PublikacniDZ>356026933</PublikacniDZ>
  	  <Publikator>u3kbfuf</Publikator>
  	  <DatumPublikace>2016-03-24</DatumPublikace>
  	  <PolozkaURL>https://portal.gov.cz/app/RejData/rec.jsp?id=3384768&amp;id_rej=97899&amp;y=2016&amp;m=03&amp;doctype=xml</PolozkaURL>
  	  <VazbyURL>https://portal.gov.cz/app/RejData/rec.jsp?id=3384768&amp;id_rej=97899&amp;y=2016&amp;m=03&amp;doctype=vazby</VazbyURL>
  	  <Zneplatneny>false</Zneplatneny>
  	</Polozka>
  	<Polozka>
  	  <ID>3384789</ID>
  	  <PublikacniDZ>356027779</PublikacniDZ>
  	  <Publikator>u3kbfuf</Publikator>
  	  <DatumPublikace>2016-03-24</DatumPublikace>
  	  <PolozkaURL>https://portal.gov.cz/app/RejData/rec.jsp?id=3384789&amp;id_rej=97899&amp;y=2016&amp;m=03&amp;doctype=xml</PolozkaURL>
  	  <VazbyURL>https://portal.gov.cz/app/RejData/rec.jsp?id=3384789&amp;id_rej=97899&amp;y=2016&amp;m=03&amp;doctype=vazby</VazbyURL>
  	  <Zneplatneny>false</Zneplatneny>
  	</Polozka>
  	<Polozka>
  	  <ID>3384797</ID>
  	  <PublikacniDZ>356028573</PublikacniDZ>
  	  <Publikator>u3kbfuf</Publikator>
  	  <DatumPublikace>2016-03-24</DatumPublikace>
  	  <PolozkaURL>https://portal.gov.cz/app/RejData/rec.jsp?id=3384797&amp;id_rej=97899&amp;y=2016&amp;m=03&amp;doctype=xml</PolozkaURL>
  	  <VazbyURL>https://portal.gov.cz/app/RejData/rec.jsp?id=3384797&amp;id_rej=97899&amp;y=2016&amp;m=03&amp;doctype=vazby</VazbyURL>
  	  <Zneplatneny>false</Zneplatneny>
  	</Polozka>
  	<Polozka>
  	  <ID>3384831</ID>
  	  <PublikacniDZ>356028096</PublikacniDZ>
  	  <Publikator>u3kbfuf</Publikator>
  	  <DatumPublikace>2016-03-24</DatumPublikace>
  	  <PolozkaURL>https://portal.gov.cz/app/RejData/rec.jsp?id=3384831&amp;id_rej=97899&amp;y=2016&amp;m=03&amp;doctype=xml</PolozkaURL>
  	  <VazbyURL>https://portal.gov.cz/app/RejData/rec.jsp?id=3384831&amp;id_rej=97899&amp;y=2016&amp;m=03&amp;doctype=vazby</VazbyURL>
  	  <Zneplatneny>false</Zneplatneny>
  	</Polozka>
  	<Polozka>
  	  <ID>3384839</ID>
  	  <PublikacniDZ>356030911</PublikacniDZ>
  	  <Publikator>u3kbfuf</Publikator>
  	  <DatumPublikace>2016-03-24</DatumPublikace>
  	  <PolozkaURL>https://portal.gov.cz/app/RejData/rec.jsp?id=3384839&amp;id_rej=97899&amp;y=2016&amp;m=03&amp;doctype=xml</PolozkaURL>
  	  <VazbyURL>https://portal.gov.cz/app/RejData/rec.jsp?id=3384839&amp;id_rej=97899&amp;y=2016&amp;m=03&amp;doctype=vazby</VazbyURL>
  	  <Zneplatneny>false</Zneplatneny>
  	</Polozka>
  	<Polozka>
  	  <ID>3384873</ID>
  	  <PublikacniDZ>356030889</PublikacniDZ>
  	  <Publikator>u3kbfuf</Publikator>
  	  <DatumPublikace>2016-03-24</DatumPublikace>
  	  <PolozkaURL>https://portal.gov.cz/app/RejData/rec.jsp?id=3384873&amp;id_rej=97899&amp;y=2016&amp;m=03&amp;doctype=xml</PolozkaURL>
  	  <VazbyURL>https://portal.gov.cz/app/RejData/rec.jsp?id=3384873&amp;id_rej=97899&amp;y=2016&amp;m=03&amp;doctype=vazby</VazbyURL>
  	  <Zneplatneny>false</Zneplatneny>
  	</Polozka>
  	<Polozka>
  	  <ID>3384894</ID>
  	  <PublikacniDZ>356032460</PublikacniDZ>
  	  <Publikator>u3kbfuf</Publikator>
  	  <DatumPublikace>2016-03-24</DatumPublikace>
  	  <PolozkaURL>https://portal.gov.cz/app/RejData/rec.jsp?id=3384894&amp;id_rej=97899&amp;y=2016&amp;m=03&amp;doctype=xml</PolozkaURL>
  	  <VazbyURL>https://portal.gov.cz/app/RejData/rec.jsp?id=3384894&amp;id_rej=97899&amp;y=2016&amp;m=03&amp;doctype=vazby</VazbyURL>
  	  <Zneplatneny>false</Zneplatneny>
  	</Polozka>
  	<Polozka>
  	  <ID>3384902</ID>
  	  <PublikacniDZ>356032621</PublikacniDZ>
  	  <Publikator>u3kbfuf</Publikator>
  	  <DatumPublikace>2016-03-24</DatumPublikace>
  	  <PolozkaURL>https://portal.gov.cz/app/RejData/rec.jsp?id=3384902&amp;id_rej=97899&amp;y=2016&amp;m=03&amp;doctype=xml</PolozkaURL>
  	  <VazbyURL>https://portal.gov.cz/app/RejData/rec.jsp?id=3384902&amp;id_rej=97899&amp;y=2016&amp;m=03&amp;doctype=vazby</VazbyURL>
  	  <Zneplatneny>false</Zneplatneny>
  	</Polozka>
  	<Polozka>
  	  <ID>3384944</ID>
  	  <PublikacniDZ>356032495</PublikacniDZ>
  	  <Publikator>u3kbfuf</Publikator>
  	  <DatumPublikace>2016-03-24</DatumPublikace>
  	  <PolozkaURL>https://portal.gov.cz/app/RejData/rec.jsp?id=3384944&amp;id_rej=97899&amp;y=2016&amp;m=03&amp;doctype=xml</PolozkaURL>
  	  <VazbyURL>https://portal.gov.cz/app/RejData/rec.jsp?id=3384944&amp;id_rej=97899&amp;y=2016&amp;m=03&amp;doctype=vazby</VazbyURL>
  	  <Zneplatneny>false</Zneplatneny>
  	</Polozka>
  	<Polozka>
  	  <ID>3384952</ID>
  	  <PublikacniDZ>356033395</PublikacniDZ>
  	  <Publikator>u3kbfuf</Publikator>
  	  <DatumPublikace>2016-03-24</DatumPublikace>
  	  <PolozkaURL>https://portal.gov.cz/app/RejData/rec.jsp?id=3384952&amp;id_rej=97899&amp;y=2016&amp;m=03&amp;doctype=xml</PolozkaURL>
  	  <VazbyURL>https://portal.gov.cz/app/RejData/rec.jsp?id=3384952&amp;id_rej=97899&amp;y=2016&amp;m=03&amp;doctype=vazby</VazbyURL>
  	  <Zneplatneny>false</Zneplatneny>
  	</Polozka>
  	<Polozka>
  	  <ID>3386295</ID>
  	  <PublikacniDZ>356034000</PublikacniDZ>
  	  <Publikator>u3kbfuf</Publikator>
  	  <DatumPublikace>2016-03-24</DatumPublikace>
  	  <PolozkaURL>https://portal.gov.cz/app/RejData/rec.jsp?id=3386295&amp;id_rej=97899&amp;y=2016&amp;m=03&amp;doctype=xml</PolozkaURL>
  	  <VazbyURL>https://portal.gov.cz/app/RejData/rec.jsp?id=3386295&amp;id_rej=97899&amp;y=2016&amp;m=03&amp;doctype=vazby</VazbyURL>
  	  <Zneplatneny>false</Zneplatneny>
  	</Polozka>
  	<Polozka>
  	  <ID>3386303</ID>
  	  <PublikacniDZ>356034641</PublikacniDZ>
  	  <Publikator>u3kbfuf</Publikator>
  	  <DatumPublikace>2016-03-24</DatumPublikace>
  	  <PolozkaURL>https://portal.gov.cz/app/RejData/rec.jsp?id=3386303&amp;id_rej=97899&amp;y=2016&amp;m=03&amp;doctype=xml</PolozkaURL>
  	  <VazbyURL>https://portal.gov.cz/app/RejData/rec.jsp?id=3386303&amp;id_rej=97899&amp;y=2016&amp;m=03&amp;doctype=vazby</VazbyURL>
  	  <Zneplatneny>false</Zneplatneny>
  	</Polozka>
  	<Polozka>
  	  <ID>3386337</ID>
  	  <PublikacniDZ>356036076</PublikacniDZ>
  	  <Publikator>u3kbfuf</Publikator>
  	  <DatumPublikace>2016-03-24</DatumPublikace>
  	  <PolozkaURL>https://portal.gov.cz/app/RejData/rec.jsp?id=3386337&amp;id_rej=97899&amp;y=2016&amp;m=03&amp;doctype=xml</PolozkaURL>
  	  <VazbyURL>https://portal.gov.cz/app/RejData/rec.jsp?id=3386337&amp;id_rej=97899&amp;y=2016&amp;m=03&amp;doctype=vazby</VazbyURL>
  	  <Zneplatneny>false</Zneplatneny>
  	</Polozka>
  	<Polozka>
  	  <ID>3386358</ID>
  	  <PublikacniDZ>356036198</PublikacniDZ>
  	  <Publikator>u3kbfuf</Publikator>
  	  <DatumPublikace>2016-03-24</DatumPublikace>
  	  <PolozkaURL>https://portal.gov.cz/app/RejData/rec.jsp?id=3386358&amp;id_rej=97899&amp;y=2016&amp;m=03&amp;doctype=xml</PolozkaURL>
  	  <VazbyURL>https://portal.gov.cz/app/RejData/rec.jsp?id=3386358&amp;id_rej=97899&amp;y=2016&amp;m=03&amp;doctype=vazby</VazbyURL>
  	  <Zneplatneny>false</Zneplatneny>
  	</Polozka>
  	<Polozka>
  	  <ID>3386395</ID>
  	  <PublikacniDZ>356052544</PublikacniDZ>
  	  <Publikator>u3kbfuf</Publikator>
  	  <DatumPublikace>2016-03-24</DatumPublikace>
  	  <PolozkaURL>https://portal.gov.cz/app/RejData/rec.jsp?id=3386395&amp;id_rej=97899&amp;y=2016&amp;m=03&amp;doctype=xml</PolozkaURL>
  	  <VazbyURL>https://portal.gov.cz/app/RejData/rec.jsp?id=3386395&amp;id_rej=97899&amp;y=2016&amp;m=03&amp;doctype=vazby</VazbyURL>
  	  <Zneplatneny>false</Zneplatneny>
  	</Polozka>
  	<Polozka>
  	  <ID>3390773</ID>
  	  <PublikacniDZ>356117028</PublikacniDZ>
  	  <Publikator>u3kbfuf</Publikator>
  	  <DatumPublikace>2016-03-24</DatumPublikace>
  	  <PolozkaURL>https://portal.gov.cz/app/RejData/rec.jsp?id=3390773&amp;id_rej=97899&amp;y=2016&amp;m=03&amp;doctype=xml</PolozkaURL>
  	  <VazbyURL>https://portal.gov.cz/app/RejData/rec.jsp?id=3390773&amp;id_rej=97899&amp;y=2016&amp;m=03&amp;doctype=vazby</VazbyURL>
  	  <Zneplatneny>false</Zneplatneny>
  	</Polozka>

</Rejstrik>