<?xml version="1.0" encoding="UTF-8"?>
<Rejstrik xmlns="http://portal.gov.cz/portal/xsd/PvsRejstrikObsah" xmlns:xsi="http://www.w3.org/2001/XMLSchema-instance" xsi:schemaLocation="http://portal.gov.cz/portal/xsd/PvsRejstrikObsah http://portal.gov.cz/portal/xsd/PvsRejstrikObsah.xsd">
  <RejstrikID>97899</RejstrikID>
  	<Polozka>
  	  <ID>3644132</ID>
  	  <PublikacniDZ>358082841</PublikacniDZ>
  	  <Publikator>uuaaatg</Publikator>
  	  <DatumPublikace>2016-04-01</DatumPublikace>
  	  <PolozkaURL>https://portal.gov.cz/app/RejData/rec.jsp?id=3644132&amp;id_rej=97899&amp;y=2016&amp;m=04&amp;doctype=xml</PolozkaURL>
  	  <VazbyURL>https://portal.gov.cz/app/RejData/rec.jsp?id=3644132&amp;id_rej=97899&amp;y=2016&amp;m=04&amp;doctype=vazby</VazbyURL>
  	  <Zneplatneny>false</Zneplatneny>
  	</Polozka>
  	<Polozka>
  	  <ID>3746354</ID>
  	  <PublikacniDZ>360954454</PublikacniDZ>
  	  <Publikator>zj8av6p</Publikator>
  	  <DatumPublikace>2016-04-12</DatumPublikace>
  	  <PolozkaURL>https://portal.gov.cz/app/RejData/rec.jsp?id=3746354&amp;id_rej=97899&amp;y=2016&amp;m=04&amp;doctype=xml</PolozkaURL>
  	  <VazbyURL>https://portal.gov.cz/app/RejData/rec.jsp?id=3746354&amp;id_rej=97899&amp;y=2016&amp;m=04&amp;doctype=vazby</VazbyURL>
  	  <Zneplatneny>false</Zneplatneny>
  	</Polozka>
  	<Polozka>
  	  <ID>3746378</ID>
  	  <PublikacniDZ>360956720</PublikacniDZ>
  	  <Publikator>zj8av6p</Publikator>
  	  <DatumPublikace>2016-04-12</DatumPublikace>
  	  <PolozkaURL>https://portal.gov.cz/app/RejData/rec.jsp?id=3746378&amp;id_rej=97899&amp;y=2016&amp;m=04&amp;doctype=xml</PolozkaURL>
  	  <VazbyURL>https://portal.gov.cz/app/RejData/rec.jsp?id=3746378&amp;id_rej=97899&amp;y=2016&amp;m=04&amp;doctype=vazby</VazbyURL>
  	  <Zneplatneny>false</Zneplatneny>
  	</Polozka>
  	<Polozka>
  	  <ID>3746386</ID>
  	  <PublikacniDZ>360957478</PublikacniDZ>
  	  <Publikator>zj8av6p</Publikator>
  	  <DatumPublikace>2016-04-12</DatumPublikace>
  	  <PolozkaURL>https://portal.gov.cz/app/RejData/rec.jsp?id=3746386&amp;id_rej=97899&amp;y=2016&amp;m=04&amp;doctype=xml</PolozkaURL>
  	  <VazbyURL>https://portal.gov.cz/app/RejData/rec.jsp?id=3746386&amp;id_rej=97899&amp;y=2016&amp;m=04&amp;doctype=vazby</VazbyURL>
  	  <Zneplatneny>false</Zneplatneny>
  	</Polozka>
  	<Polozka>
  	  <ID>3746410</ID>
  	  <PublikacniDZ>360959220</PublikacniDZ>
  	  <Publikator>zj8av6p</Publikator>
  	  <DatumPublikace>2016-04-12</DatumPublikace>
  	  <PolozkaURL>https://portal.gov.cz/app/RejData/rec.jsp?id=3746410&amp;id_rej=97899&amp;y=2016&amp;m=04&amp;doctype=xml</PolozkaURL>
  	  <VazbyURL>https://portal.gov.cz/app/RejData/rec.jsp?id=3746410&amp;id_rej=97899&amp;y=2016&amp;m=04&amp;doctype=vazby</VazbyURL>
  	  <Zneplatneny>false</Zneplatneny>
  	</Polozka>
  	<Polozka>
  	  <ID>3746578</ID>
  	  <PublikacniDZ>360978048</PublikacniDZ>
  	  <Publikator>zj8av6p</Publikator>
  	  <DatumPublikace>2016-04-12</DatumPublikace>
  	  <PolozkaURL>https://portal.gov.cz/app/RejData/rec.jsp?id=3746578&amp;id_rej=97899&amp;y=2016&amp;m=04&amp;doctype=xml</PolozkaURL>
  	  <VazbyURL>https://portal.gov.cz/app/RejData/rec.jsp?id=3746578&amp;id_rej=97899&amp;y=2016&amp;m=04&amp;doctype=vazby</VazbyURL>
  	  <Zneplatneny>false</Zneplatneny>
  	</Polozka>
  	<Polozka>
  	  <ID>3751165</ID>
  	  <PublikacniDZ>362432400</PublikacniDZ>
  	  <Publikator>s3caayq</Publikator>
  	  <DatumPublikace>2016-04-18</DatumPublikace>
  	  <PolozkaURL>https://portal.gov.cz/app/RejData/rec.jsp?id=3751165&amp;id_rej=97899&amp;y=2016&amp;m=04&amp;doctype=xml</PolozkaURL>
  	  <VazbyURL>https://portal.gov.cz/app/RejData/rec.jsp?id=3751165&amp;id_rej=97899&amp;y=2016&amp;m=04&amp;doctype=vazby</VazbyURL>
  	  <Zneplatneny>false</Zneplatneny>
  	</Polozka>
  	<Polozka>
  	  <ID>6922567</ID>
  	  <PublikacniDZ>366047945</PublikacniDZ>
  	  <Publikator>n75aau3</Publikator>
  	  <DatumPublikace>2016-04-29</DatumPublikace>
  	  <DatumZmeny>2017-01-23</DatumZmeny>
  	  <PolozkaURL>https://portal.gov.cz/app/RejData/rec.jsp?id=6922567&amp;id_rej=97899&amp;y=2016&amp;m=04&amp;doctype=xml</PolozkaURL>
  	  <VazbyURL></VazbyURL>
  	  <Zneplatneny>true</Zneplatneny>
  	</Polozka>
  	<Polozka>
  	  <ID>7062455</ID>
  	  <PublikacniDZ>366148878</PublikacniDZ>
  	  <Publikator>n75aau3</Publikator>
  	  <DatumPublikace>2016-04-29</DatumPublikace>
  	  <DatumZmeny>2017-01-23</DatumZmeny>
  	  <PolozkaURL>https://portal.gov.cz/app/RejData/rec.jsp?id=7062455&amp;id_rej=97899&amp;y=2016&amp;m=04&amp;doctype=xml</PolozkaURL>
  	  <VazbyURL></VazbyURL>
  	  <Zneplatneny>true</Zneplatneny>
  	</Polozka>
  	<Polozka>
  	  <ID>7062399</ID>
  	  <PublikacniDZ>366148634</PublikacniDZ>
  	  <Publikator>n75aau3</Publikator>
  	  <DatumPublikace>2016-04-29</DatumPublikace>
  	  <DatumZmeny>2017-01-23</DatumZmeny>
  	  <PolozkaURL>https://portal.gov.cz/app/RejData/rec.jsp?id=7062399&amp;id_rej=97899&amp;y=2016&amp;m=04&amp;doctype=xml</PolozkaURL>
  	  <VazbyURL></VazbyURL>
  	  <Zneplatneny>true</Zneplatneny>
  	</Polozka>
  	<Polozka>
  	  <ID>7062415</ID>
  	  <PublikacniDZ>366148637</PublikacniDZ>
  	  <Publikator>n75aau3</Publikator>
  	  <DatumPublikace>2016-04-29</DatumPublikace>
  	  <DatumZmeny>2017-01-23</DatumZmeny>
  	  <PolozkaURL>https://portal.gov.cz/app/RejData/rec.jsp?id=7062415&amp;id_rej=97899&amp;y=2016&amp;m=04&amp;doctype=xml</PolozkaURL>
  	  <VazbyURL></VazbyURL>
  	  <Zneplatneny>true</Zneplatneny>
  	</Polozka>
  	<Polozka>
  	  <ID>7062407</ID>
  	  <PublikacniDZ>366148635</PublikacniDZ>
  	  <Publikator>n75aau3</Publikator>
  	  <DatumPublikace>2016-04-29</DatumPublikace>
  	  <DatumZmeny>2017-01-23</DatumZmeny>
  	  <PolozkaURL>https://portal.gov.cz/app/RejData/rec.jsp?id=7062407&amp;id_rej=97899&amp;y=2016&amp;m=04&amp;doctype=xml</PolozkaURL>
  	  <VazbyURL></VazbyURL>
  	  <Zneplatneny>true</Zneplatneny>
  	</Polozka>
  	<Polozka>
  	  <ID>7062423</ID>
  	  <PublikacniDZ>366148638</PublikacniDZ>
  	  <Publikator>n75aau3</Publikator>
  	  <DatumPublikace>2016-04-29</DatumPublikace>
  	  <DatumZmeny>2017-01-23</DatumZmeny>
  	  <PolozkaURL>https://portal.gov.cz/app/RejData/rec.jsp?id=7062423&amp;id_rej=97899&amp;y=2016&amp;m=04&amp;doctype=xml</PolozkaURL>
  	  <VazbyURL></VazbyURL>
  	  <Zneplatneny>true</Zneplatneny>
  	</Polozka>
  	<Polozka>
  	  <ID>7062447</ID>
  	  <PublikacniDZ>366148642</PublikacniDZ>
  	  <Publikator>n75aau3</Publikator>
  	  <DatumPublikace>2016-04-29</DatumPublikace>
  	  <DatumZmeny>2017-01-23</DatumZmeny>
  	  <PolozkaURL>https://portal.gov.cz/app/RejData/rec.jsp?id=7062447&amp;id_rej=97899&amp;y=2016&amp;m=04&amp;doctype=xml</PolozkaURL>
  	  <VazbyURL></VazbyURL>
  	  <Zneplatneny>true</Zneplatneny>
  	</Polozka>
  	<Polozka>
  	  <ID>7062431</ID>
  	  <PublikacniDZ>366148640</PublikacniDZ>
  	  <Publikator>n75aau3</Publikator>
  	  <DatumPublikace>2016-04-29</DatumPublikace>
  	  <DatumZmeny>2017-01-23</DatumZmeny>
  	  <PolozkaURL>https://portal.gov.cz/app/RejData/rec.jsp?id=7062431&amp;id_rej=97899&amp;y=2016&amp;m=04&amp;doctype=xml</PolozkaURL>
  	  <VazbyURL></VazbyURL>
  	  <Zneplatneny>true</Zneplatneny>
  	</Polozka>
  	<Polozka>
  	  <ID>7062439</ID>
  	  <PublikacniDZ>366148641</PublikacniDZ>
  	  <Publikator>n75aau3</Publikator>
  	  <DatumPublikace>2016-04-29</DatumPublikace>
  	  <DatumZmeny>2017-01-23</DatumZmeny>
  	  <PolozkaURL>https://portal.gov.cz/app/RejData/rec.jsp?id=7062439&amp;id_rej=97899&amp;y=2016&amp;m=04&amp;doctype=xml</PolozkaURL>
  	  <VazbyURL></VazbyURL>
  	  <Zneplatneny>true</Zneplatneny>
  	</Polozka>

</Rejstrik>