<?xml version="1.0" encoding="UTF-8"?>
<Rejstrik xmlns="http://portal.gov.cz/portal/xsd/PvsRejstrikObsah" xmlns:xsi="http://www.w3.org/2001/XMLSchema-instance" xsi:schemaLocation="http://portal.gov.cz/portal/xsd/PvsRejstrikObsah http://portal.gov.cz/portal/xsd/PvsRejstrikObsah.xsd">
  <RejstrikID>97899</RejstrikID>
  	<Polozka>
  	  <ID>37839007</ID>
  	  <PublikacniDZ>389841799</PublikacniDZ>
  	  <Publikator>48ia97h</Publikator>
  	  <DatumPublikace>2016-08-01</DatumPublikace>
  	  <PolozkaURL>https://portal.gov.cz/app/RejData/rec.jsp?id=37839007&amp;id_rej=97899&amp;y=2016&amp;m=08&amp;doctype=xml</PolozkaURL>
  	  <VazbyURL>https://portal.gov.cz/app/RejData/rec.jsp?id=37839007&amp;id_rej=97899&amp;y=2016&amp;m=08&amp;doctype=vazby</VazbyURL>
  	  <Zneplatneny>false</Zneplatneny>
  	</Polozka>
  	<Polozka>
  	  <ID>38149817</ID>
  	  <PublikacniDZ>391520045</PublikacniDZ>
  	  <Publikator>n75aau3</Publikator>
  	  <DatumPublikace>2016-08-08</DatumPublikace>
  	  <DatumZmeny>2017-01-23</DatumZmeny>
  	  <PolozkaURL>https://portal.gov.cz/app/RejData/rec.jsp?id=38149817&amp;id_rej=97899&amp;y=2016&amp;m=08&amp;doctype=xml</PolozkaURL>
  	  <VazbyURL></VazbyURL>
  	  <Zneplatneny>true</Zneplatneny>
  	</Polozka>
  	<Polozka>
  	  <ID>38149825</ID>
  	  <PublikacniDZ>391520142</PublikacniDZ>
  	  <Publikator>n75aau3</Publikator>
  	  <DatumPublikace>2016-08-08</DatumPublikace>
  	  <DatumZmeny>2017-01-23</DatumZmeny>
  	  <PolozkaURL>https://portal.gov.cz/app/RejData/rec.jsp?id=38149825&amp;id_rej=97899&amp;y=2016&amp;m=08&amp;doctype=xml</PolozkaURL>
  	  <VazbyURL></VazbyURL>
  	  <Zneplatneny>true</Zneplatneny>
  	</Polozka>
  	<Polozka>
  	  <ID>38634294</ID>
  	  <PublikacniDZ>395796580</PublikacniDZ>
  	  <Publikator>5eabx4t</Publikator>
  	  <DatumPublikace>2016-08-25</DatumPublikace>
  	  <PolozkaURL>https://portal.gov.cz/app/RejData/rec.jsp?id=38634294&amp;id_rej=97899&amp;y=2016&amp;m=08&amp;doctype=xml</PolozkaURL>
  	  <VazbyURL>https://portal.gov.cz/app/RejData/rec.jsp?id=38634294&amp;id_rej=97899&amp;y=2016&amp;m=08&amp;doctype=vazby</VazbyURL>
  	  <Zneplatneny>false</Zneplatneny>
  	</Polozka>

</Rejstrik>