<?xml version="1.0" encoding="UTF-8"?>
<Rejstrik xmlns="http://portal.gov.cz/portal/xsd/PvsRejstrikObsah" xmlns:xsi="http://www.w3.org/2001/XMLSchema-instance" xsi:schemaLocation="http://portal.gov.cz/portal/xsd/PvsRejstrikObsah http://portal.gov.cz/portal/xsd/PvsRejstrikObsah.xsd">
  <RejstrikID>97899</RejstrikID>
  	<Polozka>
  	  <ID>37446316</ID>
  	  <PublikacniDZ>385711424</PublikacniDZ>
  	  <Publikator>n75aau3</Publikator>
  	  <DatumPublikace>2016-07-14</DatumPublikace>
  	  <DatumZmeny>2017-01-23</DatumZmeny>
  	  <PolozkaURL>https://portal.gov.cz/app/RejData/rec.jsp?id=37446316&amp;id_rej=97899&amp;y=2016&amp;m=07&amp;doctype=xml</PolozkaURL>
  	  <VazbyURL></VazbyURL>
  	  <Zneplatneny>true</Zneplatneny>
  	</Polozka>
  	<Polozka>
  	  <ID>37446324</ID>
  	  <PublikacniDZ>385711541</PublikacniDZ>
  	  <Publikator>n75aau3</Publikator>
  	  <DatumPublikace>2016-07-14</DatumPublikace>
  	  <DatumZmeny>2017-01-23</DatumZmeny>
  	  <PolozkaURL>https://portal.gov.cz/app/RejData/rec.jsp?id=37446324&amp;id_rej=97899&amp;y=2016&amp;m=07&amp;doctype=xml</PolozkaURL>
  	  <VazbyURL></VazbyURL>
  	  <Zneplatneny>true</Zneplatneny>
  	</Polozka>
  	<Polozka>
  	  <ID>37748982</ID>
  	  <PublikacniDZ>389182560</PublikacniDZ>
  	  <Publikator>hjyaavk</Publikator>
  	  <DatumPublikace>2016-07-28</DatumPublikace>
  	  <PolozkaURL>https://portal.gov.cz/app/RejData/rec.jsp?id=37748982&amp;id_rej=97899&amp;y=2016&amp;m=07&amp;doctype=xml</PolozkaURL>
  	  <VazbyURL>https://portal.gov.cz/app/RejData/rec.jsp?id=37748982&amp;id_rej=97899&amp;y=2016&amp;m=07&amp;doctype=vazby</VazbyURL>
  	  <Zneplatneny>false</Zneplatneny>
  	</Polozka>

</Rejstrik>