<?xml version="1.0" encoding="UTF-8"?>
<Rejstrik xmlns="http://portal.gov.cz/portal/xsd/PvsRejstrikObsah" xmlns:xsi="http://www.w3.org/2001/XMLSchema-instance" xsi:schemaLocation="http://portal.gov.cz/portal/xsd/PvsRejstrikObsah http://portal.gov.cz/portal/xsd/PvsRejstrikObsah.xsd">
  <RejstrikID>97899</RejstrikID>
  	<Polozka>
  	  <ID>2616190</ID>
  	  <PublikacniDZ>338354564</PublikacniDZ>
  	  <Publikator>8x6bxsd</Publikator>
  	  <DatumPublikace>2016-01-21</DatumPublikace>
  	  <DatumZmeny>2016-01-22</DatumZmeny>
  	  <PolozkaURL>https://portal.gov.cz/app/RejData/rec.jsp?id=2616190&amp;id_rej=97899&amp;y=2016&amp;m=01&amp;doctype=xml</PolozkaURL>
  	  <VazbyURL>https://portal.gov.cz/app/RejData/rec.jsp?id=2616190&amp;id_rej=97899&amp;y=2016&amp;m=01&amp;doctype=vazby</VazbyURL>
  	  <Zneplatneny>false</Zneplatneny>
  	</Polozka>
  	<Polozka>
  	  <ID>2665601</ID>
  	  <PublikacniDZ>339249943</PublikacniDZ>
  	  <Publikator>8x6bxsd</Publikator>
  	  <DatumPublikace>2016-01-25</DatumPublikace>
  	  <DatumZmeny>2017-02-08</DatumZmeny>
  	  <PolozkaURL>https://portal.gov.cz/app/RejData/rec.jsp?id=2665601&amp;id_rej=97899&amp;y=2016&amp;m=01&amp;doctype=xml</PolozkaURL>
  	  <VazbyURL>https://portal.gov.cz/app/RejData/rec.jsp?id=2665601&amp;id_rej=97899&amp;y=2016&amp;m=01&amp;doctype=vazby</VazbyURL>
  	  <Zneplatneny>false</Zneplatneny>
  	</Polozka>

</Rejstrik>