<?xml version="1.0" encoding="UTF-8"?>
<Rejstrik xmlns="http://portal.gov.cz/portal/xsd/PvsRejstrikObsah" xmlns:xsi="http://www.w3.org/2001/XMLSchema-instance" xsi:schemaLocation="http://portal.gov.cz/portal/xsd/PvsRejstrikObsah http://portal.gov.cz/portal/xsd/PvsRejstrikObsah.xsd">
  <RejstrikID>97899</RejstrikID>
  	<Polozka>
  	  <ID>90894885</ID>
  	  <PublikacniDZ>421734556</PublikacniDZ>
  	  <Publikator>5zubv7w</Publikator>
  	  <DatumPublikace>2016-12-02</DatumPublikace>
  	  <DatumZmeny>2016-12-05</DatumZmeny>
  	  <PolozkaURL>https://portal.gov.cz/app/RejData/rec.jsp?id=90894885&amp;id_rej=97899&amp;y=2016&amp;m=12&amp;doctype=xml</PolozkaURL>
  	  <VazbyURL>https://portal.gov.cz/app/RejData/rec.jsp?id=90894885&amp;id_rej=97899&amp;y=2016&amp;m=12&amp;doctype=vazby</VazbyURL>
  	  <Zneplatneny>false</Zneplatneny>
  	</Polozka>
  	<Polozka>
  	  <ID>111568827</ID>
  	  <PublikacniDZ>425863489</PublikacniDZ>
  	  <Publikator>u3kbfuf</Publikator>
  	  <DatumPublikace>2016-12-19</DatumPublikace>
  	  <PolozkaURL>https://portal.gov.cz/app/RejData/rec.jsp?id=111568827&amp;id_rej=97899&amp;y=2016&amp;m=12&amp;doctype=xml</PolozkaURL>
  	  <VazbyURL>https://portal.gov.cz/app/RejData/rec.jsp?id=111568827&amp;id_rej=97899&amp;y=2016&amp;m=12&amp;doctype=vazby</VazbyURL>
  	  <Zneplatneny>false</Zneplatneny>
  	</Polozka>

</Rejstrik>