<?xml version="1.0" encoding="UTF-8"?>
<Rejstrik xmlns="http://portal.gov.cz/portal/xsd/PvsRejstrikObsah" xmlns:xsi="http://www.w3.org/2001/XMLSchema-instance" xsi:schemaLocation="http://portal.gov.cz/portal/xsd/PvsRejstrikObsah http://portal.gov.cz/portal/xsd/PvsRejstrikObsah.xsd">
  <RejstrikID>97899</RejstrikID>
  	<Polozka>
  	  <ID>170966154</ID>
  	  <PublikacniDZ>m:109074</PublikacniDZ>
  	  <Publikator>6bnaawp</Publikator>
  	  <DatumPublikace>2017-02-06</DatumPublikace>
  	  <PolozkaURL>https://portal.gov.cz/app/RejData/rec.jsp?id=170966154&amp;id_rej=97899&amp;y=2017&amp;m=02&amp;doctype=xml</PolozkaURL>
  	  <VazbyURL>https://portal.gov.cz/app/RejData/rec.jsp?id=170966154&amp;id_rej=97899&amp;y=2017&amp;m=02&amp;doctype=vazby</VazbyURL>
  	  <Zneplatneny>false</Zneplatneny>
  	</Polozka>
  	<Polozka>
  	  <ID>184993197</ID>
  	  <PublikacniDZ>442293995</PublikacniDZ>
  	  <Publikator>c5kbvkw</Publikator>
  	  <DatumPublikace>2017-02-16</DatumPublikace>
  	  <PolozkaURL>https://portal.gov.cz/app/RejData/rec.jsp?id=184993197&amp;id_rej=97899&amp;y=2017&amp;m=02&amp;doctype=xml</PolozkaURL>
  	  <VazbyURL>https://portal.gov.cz/app/RejData/rec.jsp?id=184993197&amp;id_rej=97899&amp;y=2017&amp;m=02&amp;doctype=vazby</VazbyURL>
  	  <Zneplatneny>false</Zneplatneny>
  	</Polozka>
  	<Polozka>
  	  <ID>184993205</ID>
  	  <PublikacniDZ>442293998</PublikacniDZ>
  	  <Publikator>c5kbvkw</Publikator>
  	  <DatumPublikace>2017-02-16</DatumPublikace>
  	  <PolozkaURL>https://portal.gov.cz/app/RejData/rec.jsp?id=184993205&amp;id_rej=97899&amp;y=2017&amp;m=02&amp;doctype=xml</PolozkaURL>
  	  <VazbyURL>https://portal.gov.cz/app/RejData/rec.jsp?id=184993205&amp;id_rej=97899&amp;y=2017&amp;m=02&amp;doctype=vazby</VazbyURL>
  	  <Zneplatneny>false</Zneplatneny>
  	</Polozka>
  	<Polozka>
  	  <ID>184993252</ID>
  	  <PublikacniDZ>442319939</PublikacniDZ>
  	  <Publikator>c5kbvkw</Publikator>
  	  <DatumPublikace>2017-02-16</DatumPublikace>
  	  <PolozkaURL>https://portal.gov.cz/app/RejData/rec.jsp?id=184993252&amp;id_rej=97899&amp;y=2017&amp;m=02&amp;doctype=xml</PolozkaURL>
  	  <VazbyURL>https://portal.gov.cz/app/RejData/rec.jsp?id=184993252&amp;id_rej=97899&amp;y=2017&amp;m=02&amp;doctype=vazby</VazbyURL>
  	  <Zneplatneny>false</Zneplatneny>
  	</Polozka>
  	<Polozka>
  	  <ID>190565006</ID>
  	  <PublikacniDZ>443352925</PublikacniDZ>
  	  <Publikator>6iybfxn</Publikator>
  	  <DatumPublikace>2017-02-20</DatumPublikace>
  	  <DatumZmeny>2017-03-16</DatumZmeny>
  	  <PolozkaURL>https://portal.gov.cz/app/RejData/rec.jsp?id=190565006&amp;id_rej=97899&amp;y=2017&amp;m=02&amp;doctype=xml</PolozkaURL>
  	  <VazbyURL></VazbyURL>
  	  <Zneplatneny>true</Zneplatneny>
  	</Polozka>
  	<Polozka>
  	  <ID>193424922</ID>
  	  <PublikacniDZ>444245767</PublikacniDZ>
  	  <Publikator>9gsaax4</Publikator>
  	  <DatumPublikace>2017-02-22</DatumPublikace>
  	  <PolozkaURL>https://portal.gov.cz/app/RejData/rec.jsp?id=193424922&amp;id_rej=97899&amp;y=2017&amp;m=02&amp;doctype=xml</PolozkaURL>
  	  <VazbyURL>https://portal.gov.cz/app/RejData/rec.jsp?id=193424922&amp;id_rej=97899&amp;y=2017&amp;m=02&amp;doctype=vazby</VazbyURL>
  	  <Zneplatneny>false</Zneplatneny>
  	</Polozka>

</Rejstrik>