<?xml version="1.0" encoding="UTF-8"?>
<Rejstrik xmlns="http://portal.gov.cz/portal/xsd/PvsRejstrikObsah" xmlns:xsi="http://www.w3.org/2001/XMLSchema-instance" xsi:schemaLocation="http://portal.gov.cz/portal/xsd/PvsRejstrikObsah http://portal.gov.cz/portal/xsd/PvsRejstrikObsah.xsd">
  <RejstrikID>97899</RejstrikID>
  	<Polozka>
  	  <ID>227359046</ID>
  	  <PublikacniDZ>459623938</PublikacniDZ>
  	  <Publikator>kdib3rr</Publikator>
  	  <DatumPublikace>2017-04-12</DatumPublikace>
  	  <DatumZmeny>2017-12-06</DatumZmeny>
  	  <PolozkaURL>https://portal.gov.cz/app/RejData/rec.jsp?id=227359046&amp;id_rej=97899&amp;y=2017&amp;m=04&amp;doctype=xml</PolozkaURL>
  	  <VazbyURL>https://portal.gov.cz/app/RejData/rec.jsp?id=227359046&amp;id_rej=97899&amp;y=2017&amp;m=04&amp;doctype=vazby</VazbyURL>
  	  <Zneplatneny>false</Zneplatneny>
  	</Polozka>

</Rejstrik>