<?xml version="1.0" encoding="UTF-8"?>
<Rejstrik xmlns="http://portal.gov.cz/portal/xsd/PvsRejstrikObsah" xmlns:xsi="http://www.w3.org/2001/XMLSchema-instance" xsi:schemaLocation="http://portal.gov.cz/portal/xsd/PvsRejstrikObsah http://portal.gov.cz/portal/xsd/PvsRejstrikObsah.xsd">
  <RejstrikID>97899</RejstrikID>
  	<Polozka>
  	  <ID>143188351</ID>
  	  <PublikacniDZ>m:108684</PublikacniDZ>
  	  <Publikator>6bnaawp</Publikator>
  	  <DatumPublikace>2017-01-15</DatumPublikace>
  	  <PolozkaURL>https://portal.gov.cz/app/RejData/rec.jsp?id=143188351&amp;id_rej=97899&amp;y=2017&amp;m=01&amp;doctype=xml</PolozkaURL>
  	  <VazbyURL>https://portal.gov.cz/app/RejData/rec.jsp?id=143188351&amp;id_rej=97899&amp;y=2017&amp;m=01&amp;doctype=vazby</VazbyURL>
  	  <Zneplatneny>false</Zneplatneny>
  	</Polozka>
  	<Polozka>
  	  <ID>143188372</ID>
  	  <PublikacniDZ>m:108686</PublikacniDZ>
  	  <Publikator>6bnaawp</Publikator>
  	  <DatumPublikace>2017-01-15</DatumPublikace>
  	  <PolozkaURL>https://portal.gov.cz/app/RejData/rec.jsp?id=143188372&amp;id_rej=97899&amp;y=2017&amp;m=01&amp;doctype=xml</PolozkaURL>
  	  <VazbyURL>https://portal.gov.cz/app/RejData/rec.jsp?id=143188372&amp;id_rej=97899&amp;y=2017&amp;m=01&amp;doctype=vazby</VazbyURL>
  	  <Zneplatneny>false</Zneplatneny>
  	</Polozka>
  	<Polozka>
  	  <ID>152913554</ID>
  	  <PublikacniDZ>434643541</PublikacniDZ>
  	  <Publikator>n75aau3</Publikator>
  	  <DatumPublikace>2017-01-23</DatumPublikace>
  	  <PolozkaURL>https://portal.gov.cz/app/RejData/rec.jsp?id=152913554&amp;id_rej=97899&amp;y=2017&amp;m=01&amp;doctype=xml</PolozkaURL>
  	  <VazbyURL></VazbyURL>
  	  <Zneplatneny>true</Zneplatneny>
  	</Polozka>
  	<Polozka>
  	  <ID>152913591</ID>
  	  <PublikacniDZ>434654838</PublikacniDZ>
  	  <Publikator>n75aau3</Publikator>
  	  <DatumPublikace>2017-01-23</DatumPublikace>
  	  <PolozkaURL>https://portal.gov.cz/app/RejData/rec.jsp?id=152913591&amp;id_rej=97899&amp;y=2017&amp;m=01&amp;doctype=xml</PolozkaURL>
  	  <VazbyURL>https://portal.gov.cz/app/RejData/rec.jsp?id=152913591&amp;id_rej=97899&amp;y=2017&amp;m=01&amp;doctype=vazby</VazbyURL>
  	  <Zneplatneny>false</Zneplatneny>
  	</Polozka>
  	<Polozka>
  	  <ID>152913599</ID>
  	  <PublikacniDZ>434654839</PublikacniDZ>
  	  <Publikator>n75aau3</Publikator>
  	  <DatumPublikace>2017-01-23</DatumPublikace>
  	  <PolozkaURL>https://portal.gov.cz/app/RejData/rec.jsp?id=152913599&amp;id_rej=97899&amp;y=2017&amp;m=01&amp;doctype=xml</PolozkaURL>
  	  <VazbyURL>https://portal.gov.cz/app/RejData/rec.jsp?id=152913599&amp;id_rej=97899&amp;y=2017&amp;m=01&amp;doctype=vazby</VazbyURL>
  	  <Zneplatneny>false</Zneplatneny>
  	</Polozka>
  	<Polozka>
  	  <ID>152913583</ID>
  	  <PublikacniDZ>434654837</PublikacniDZ>
  	  <Publikator>n75aau3</Publikator>
  	  <DatumPublikace>2017-01-23</DatumPublikace>
  	  <PolozkaURL>https://portal.gov.cz/app/RejData/rec.jsp?id=152913583&amp;id_rej=97899&amp;y=2017&amp;m=01&amp;doctype=xml</PolozkaURL>
  	  <VazbyURL>https://portal.gov.cz/app/RejData/rec.jsp?id=152913583&amp;id_rej=97899&amp;y=2017&amp;m=01&amp;doctype=vazby</VazbyURL>
  	  <Zneplatneny>false</Zneplatneny>
  	</Polozka>
  	<Polozka>
  	  <ID>152913575</ID>
  	  <PublikacniDZ>434654699</PublikacniDZ>
  	  <Publikator>n75aau3</Publikator>
  	  <DatumPublikace>2017-01-23</DatumPublikace>
  	  <PolozkaURL>https://portal.gov.cz/app/RejData/rec.jsp?id=152913575&amp;id_rej=97899&amp;y=2017&amp;m=01&amp;doctype=xml</PolozkaURL>
  	  <VazbyURL>https://portal.gov.cz/app/RejData/rec.jsp?id=152913575&amp;id_rej=97899&amp;y=2017&amp;m=01&amp;doctype=vazby</VazbyURL>
  	  <Zneplatneny>false</Zneplatneny>
  	</Polozka>
  	<Polozka>
  	  <ID>154129423</ID>
  	  <PublikacniDZ>434926492</PublikacniDZ>
  	  <Publikator>n75aau3</Publikator>
  	  <DatumPublikace>2017-01-24</DatumPublikace>
  	  <PolozkaURL>https://portal.gov.cz/app/RejData/rec.jsp?id=154129423&amp;id_rej=97899&amp;y=2017&amp;m=01&amp;doctype=xml</PolozkaURL>
  	  <VazbyURL>https://portal.gov.cz/app/RejData/rec.jsp?id=154129423&amp;id_rej=97899&amp;y=2017&amp;m=01&amp;doctype=vazby</VazbyURL>
  	  <Zneplatneny>false</Zneplatneny>
  	</Polozka>
  	<Polozka>
  	  <ID>154129431</ID>
  	  <PublikacniDZ>434926493</PublikacniDZ>
  	  <Publikator>n75aau3</Publikator>
  	  <DatumPublikace>2017-01-24</DatumPublikace>
  	  <PolozkaURL>https://portal.gov.cz/app/RejData/rec.jsp?id=154129431&amp;id_rej=97899&amp;y=2017&amp;m=01&amp;doctype=xml</PolozkaURL>
  	  <VazbyURL>https://portal.gov.cz/app/RejData/rec.jsp?id=154129431&amp;id_rej=97899&amp;y=2017&amp;m=01&amp;doctype=vazby</VazbyURL>
  	  <Zneplatneny>false</Zneplatneny>
  	</Polozka>
  	<Polozka>
  	  <ID>154129439</ID>
  	  <PublikacniDZ>434926494</PublikacniDZ>
  	  <Publikator>n75aau3</Publikator>
  	  <DatumPublikace>2017-01-24</DatumPublikace>
  	  <PolozkaURL>https://portal.gov.cz/app/RejData/rec.jsp?id=154129439&amp;id_rej=97899&amp;y=2017&amp;m=01&amp;doctype=xml</PolozkaURL>
  	  <VazbyURL>https://portal.gov.cz/app/RejData/rec.jsp?id=154129439&amp;id_rej=97899&amp;y=2017&amp;m=01&amp;doctype=vazby</VazbyURL>
  	  <Zneplatneny>false</Zneplatneny>
  	</Polozka>
  	<Polozka>
  	  <ID>154129447</ID>
  	  <PublikacniDZ>434926496</PublikacniDZ>
  	  <Publikator>n75aau3</Publikator>
  	  <DatumPublikace>2017-01-24</DatumPublikace>
  	  <PolozkaURL>https://portal.gov.cz/app/RejData/rec.jsp?id=154129447&amp;id_rej=97899&amp;y=2017&amp;m=01&amp;doctype=xml</PolozkaURL>
  	  <VazbyURL>https://portal.gov.cz/app/RejData/rec.jsp?id=154129447&amp;id_rej=97899&amp;y=2017&amp;m=01&amp;doctype=vazby</VazbyURL>
  	  <Zneplatneny>false</Zneplatneny>
  	</Polozka>
  	<Polozka>
  	  <ID>154129463</ID>
  	  <PublikacniDZ>434926498</PublikacniDZ>
  	  <Publikator>n75aau3</Publikator>
  	  <DatumPublikace>2017-01-24</DatumPublikace>
  	  <PolozkaURL>https://portal.gov.cz/app/RejData/rec.jsp?id=154129463&amp;id_rej=97899&amp;y=2017&amp;m=01&amp;doctype=xml</PolozkaURL>
  	  <VazbyURL>https://portal.gov.cz/app/RejData/rec.jsp?id=154129463&amp;id_rej=97899&amp;y=2017&amp;m=01&amp;doctype=vazby</VazbyURL>
  	  <Zneplatneny>false</Zneplatneny>
  	</Polozka>
  	<Polozka>
  	  <ID>154129455</ID>
  	  <PublikacniDZ>434926497</PublikacniDZ>
  	  <Publikator>n75aau3</Publikator>
  	  <DatumPublikace>2017-01-24</DatumPublikace>
  	  <PolozkaURL>https://portal.gov.cz/app/RejData/rec.jsp?id=154129455&amp;id_rej=97899&amp;y=2017&amp;m=01&amp;doctype=xml</PolozkaURL>
  	  <VazbyURL>https://portal.gov.cz/app/RejData/rec.jsp?id=154129455&amp;id_rej=97899&amp;y=2017&amp;m=01&amp;doctype=vazby</VazbyURL>
  	  <Zneplatneny>false</Zneplatneny>
  	</Polozka>
  	<Polozka>
  	  <ID>154129535</ID>
  	  <PublikacniDZ>434927109</PublikacniDZ>
  	  <Publikator>n75aau3</Publikator>
  	  <DatumPublikace>2017-01-24</DatumPublikace>
  	  <PolozkaURL>https://portal.gov.cz/app/RejData/rec.jsp?id=154129535&amp;id_rej=97899&amp;y=2017&amp;m=01&amp;doctype=xml</PolozkaURL>
  	  <VazbyURL>https://portal.gov.cz/app/RejData/rec.jsp?id=154129535&amp;id_rej=97899&amp;y=2017&amp;m=01&amp;doctype=vazby</VazbyURL>
  	  <Zneplatneny>false</Zneplatneny>
  	</Polozka>
  	<Polozka>
  	  <ID>154129471</ID>
  	  <PublikacniDZ>434926500</PublikacniDZ>
  	  <Publikator>n75aau3</Publikator>
  	  <DatumPublikace>2017-01-24</DatumPublikace>
  	  <PolozkaURL>https://portal.gov.cz/app/RejData/rec.jsp?id=154129471&amp;id_rej=97899&amp;y=2017&amp;m=01&amp;doctype=xml</PolozkaURL>
  	  <VazbyURL>https://portal.gov.cz/app/RejData/rec.jsp?id=154129471&amp;id_rej=97899&amp;y=2017&amp;m=01&amp;doctype=vazby</VazbyURL>
  	  <Zneplatneny>false</Zneplatneny>
  	</Polozka>
  	<Polozka>
  	  <ID>154129543</ID>
  	  <PublikacniDZ>434927252</PublikacniDZ>
  	  <Publikator>n75aau3</Publikator>
  	  <DatumPublikace>2017-01-24</DatumPublikace>
  	  <PolozkaURL>https://portal.gov.cz/app/RejData/rec.jsp?id=154129543&amp;id_rej=97899&amp;y=2017&amp;m=01&amp;doctype=xml</PolozkaURL>
  	  <VazbyURL>https://portal.gov.cz/app/RejData/rec.jsp?id=154129543&amp;id_rej=97899&amp;y=2017&amp;m=01&amp;doctype=vazby</VazbyURL>
  	  <Zneplatneny>false</Zneplatneny>
  	</Polozka>
  	<Polozka>
  	  <ID>154129487</ID>
  	  <PublikacniDZ>434926741</PublikacniDZ>
  	  <Publikator>n75aau3</Publikator>
  	  <DatumPublikace>2017-01-24</DatumPublikace>
  	  <PolozkaURL>https://portal.gov.cz/app/RejData/rec.jsp?id=154129487&amp;id_rej=97899&amp;y=2017&amp;m=01&amp;doctype=xml</PolozkaURL>
  	  <VazbyURL>https://portal.gov.cz/app/RejData/rec.jsp?id=154129487&amp;id_rej=97899&amp;y=2017&amp;m=01&amp;doctype=vazby</VazbyURL>
  	  <Zneplatneny>false</Zneplatneny>
  	</Polozka>
  	<Polozka>
  	  <ID>154129479</ID>
  	  <PublikacniDZ>434926740</PublikacniDZ>
  	  <Publikator>n75aau3</Publikator>
  	  <DatumPublikace>2017-01-24</DatumPublikace>
  	  <PolozkaURL>https://portal.gov.cz/app/RejData/rec.jsp?id=154129479&amp;id_rej=97899&amp;y=2017&amp;m=01&amp;doctype=xml</PolozkaURL>
  	  <VazbyURL>https://portal.gov.cz/app/RejData/rec.jsp?id=154129479&amp;id_rej=97899&amp;y=2017&amp;m=01&amp;doctype=vazby</VazbyURL>
  	  <Zneplatneny>false</Zneplatneny>
  	</Polozka>
  	<Polozka>
  	  <ID>154129495</ID>
  	  <PublikacniDZ>434926744</PublikacniDZ>
  	  <Publikator>n75aau3</Publikator>
  	  <DatumPublikace>2017-01-24</DatumPublikace>
  	  <PolozkaURL>https://portal.gov.cz/app/RejData/rec.jsp?id=154129495&amp;id_rej=97899&amp;y=2017&amp;m=01&amp;doctype=xml</PolozkaURL>
  	  <VazbyURL>https://portal.gov.cz/app/RejData/rec.jsp?id=154129495&amp;id_rej=97899&amp;y=2017&amp;m=01&amp;doctype=vazby</VazbyURL>
  	  <Zneplatneny>false</Zneplatneny>
  	</Polozka>
  	<Polozka>
  	  <ID>154129551</ID>
  	  <PublikacniDZ>434927253</PublikacniDZ>
  	  <Publikator>n75aau3</Publikator>
  	  <DatumPublikace>2017-01-24</DatumPublikace>
  	  <PolozkaURL>https://portal.gov.cz/app/RejData/rec.jsp?id=154129551&amp;id_rej=97899&amp;y=2017&amp;m=01&amp;doctype=xml</PolozkaURL>
  	  <VazbyURL>https://portal.gov.cz/app/RejData/rec.jsp?id=154129551&amp;id_rej=97899&amp;y=2017&amp;m=01&amp;doctype=vazby</VazbyURL>
  	  <Zneplatneny>false</Zneplatneny>
  	</Polozka>
  	<Polozka>
  	  <ID>154129503</ID>
  	  <PublikacniDZ>434926745</PublikacniDZ>
  	  <Publikator>n75aau3</Publikator>
  	  <DatumPublikace>2017-01-24</DatumPublikace>
  	  <PolozkaURL>https://portal.gov.cz/app/RejData/rec.jsp?id=154129503&amp;id_rej=97899&amp;y=2017&amp;m=01&amp;doctype=xml</PolozkaURL>
  	  <VazbyURL>https://portal.gov.cz/app/RejData/rec.jsp?id=154129503&amp;id_rej=97899&amp;y=2017&amp;m=01&amp;doctype=vazby</VazbyURL>
  	  <Zneplatneny>false</Zneplatneny>
  	</Polozka>
  	<Polozka>
  	  <ID>154129559</ID>
  	  <PublikacniDZ>434927254</PublikacniDZ>
  	  <Publikator>n75aau3</Publikator>
  	  <DatumPublikace>2017-01-24</DatumPublikace>
  	  <PolozkaURL>https://portal.gov.cz/app/RejData/rec.jsp?id=154129559&amp;id_rej=97899&amp;y=2017&amp;m=01&amp;doctype=xml</PolozkaURL>
  	  <VazbyURL>https://portal.gov.cz/app/RejData/rec.jsp?id=154129559&amp;id_rej=97899&amp;y=2017&amp;m=01&amp;doctype=vazby</VazbyURL>
  	  <Zneplatneny>false</Zneplatneny>
  	</Polozka>
  	<Polozka>
  	  <ID>154129567</ID>
  	  <PublikacniDZ>434927257</PublikacniDZ>
  	  <Publikator>n75aau3</Publikator>
  	  <DatumPublikace>2017-01-24</DatumPublikace>
  	  <PolozkaURL>https://portal.gov.cz/app/RejData/rec.jsp?id=154129567&amp;id_rej=97899&amp;y=2017&amp;m=01&amp;doctype=xml</PolozkaURL>
  	  <VazbyURL>https://portal.gov.cz/app/RejData/rec.jsp?id=154129567&amp;id_rej=97899&amp;y=2017&amp;m=01&amp;doctype=vazby</VazbyURL>
  	  <Zneplatneny>false</Zneplatneny>
  	</Polozka>
  	<Polozka>
  	  <ID>154129511</ID>
  	  <PublikacniDZ>434926747</PublikacniDZ>
  	  <Publikator>n75aau3</Publikator>
  	  <DatumPublikace>2017-01-24</DatumPublikace>
  	  <PolozkaURL>https://portal.gov.cz/app/RejData/rec.jsp?id=154129511&amp;id_rej=97899&amp;y=2017&amp;m=01&amp;doctype=xml</PolozkaURL>
  	  <VazbyURL>https://portal.gov.cz/app/RejData/rec.jsp?id=154129511&amp;id_rej=97899&amp;y=2017&amp;m=01&amp;doctype=vazby</VazbyURL>
  	  <Zneplatneny>false</Zneplatneny>
  	</Polozka>
  	<Polozka>
  	  <ID>154129519</ID>
  	  <PublikacniDZ>434926748</PublikacniDZ>
  	  <Publikator>n75aau3</Publikator>
  	  <DatumPublikace>2017-01-24</DatumPublikace>
  	  <PolozkaURL>https://portal.gov.cz/app/RejData/rec.jsp?id=154129519&amp;id_rej=97899&amp;y=2017&amp;m=01&amp;doctype=xml</PolozkaURL>
  	  <VazbyURL>https://portal.gov.cz/app/RejData/rec.jsp?id=154129519&amp;id_rej=97899&amp;y=2017&amp;m=01&amp;doctype=vazby</VazbyURL>
  	  <Zneplatneny>false</Zneplatneny>
  	</Polozka>
  	<Polozka>
  	  <ID>154129575</ID>
  	  <PublikacniDZ>434927259</PublikacniDZ>
  	  <Publikator>n75aau3</Publikator>
  	  <DatumPublikace>2017-01-24</DatumPublikace>
  	  <PolozkaURL>https://portal.gov.cz/app/RejData/rec.jsp?id=154129575&amp;id_rej=97899&amp;y=2017&amp;m=01&amp;doctype=xml</PolozkaURL>
  	  <VazbyURL>https://portal.gov.cz/app/RejData/rec.jsp?id=154129575&amp;id_rej=97899&amp;y=2017&amp;m=01&amp;doctype=vazby</VazbyURL>
  	  <Zneplatneny>false</Zneplatneny>
  	</Polozka>
  	<Polozka>
  	  <ID>154129583</ID>
  	  <PublikacniDZ>434927261</PublikacniDZ>
  	  <Publikator>n75aau3</Publikator>
  	  <DatumPublikace>2017-01-24</DatumPublikace>
  	  <PolozkaURL>https://portal.gov.cz/app/RejData/rec.jsp?id=154129583&amp;id_rej=97899&amp;y=2017&amp;m=01&amp;doctype=xml</PolozkaURL>
  	  <VazbyURL>https://portal.gov.cz/app/RejData/rec.jsp?id=154129583&amp;id_rej=97899&amp;y=2017&amp;m=01&amp;doctype=vazby</VazbyURL>
  	  <Zneplatneny>false</Zneplatneny>
  	</Polozka>
  	<Polozka>
  	  <ID>154129527</ID>
  	  <PublikacniDZ>434926749</PublikacniDZ>
  	  <Publikator>n75aau3</Publikator>
  	  <DatumPublikace>2017-01-24</DatumPublikace>
  	  <PolozkaURL>https://portal.gov.cz/app/RejData/rec.jsp?id=154129527&amp;id_rej=97899&amp;y=2017&amp;m=01&amp;doctype=xml</PolozkaURL>
  	  <VazbyURL>https://portal.gov.cz/app/RejData/rec.jsp?id=154129527&amp;id_rej=97899&amp;y=2017&amp;m=01&amp;doctype=vazby</VazbyURL>
  	  <Zneplatneny>false</Zneplatneny>
  	</Polozka>
  	<Polozka>
  	  <ID>154129591</ID>
  	  <PublikacniDZ>434927263</PublikacniDZ>
  	  <Publikator>n75aau3</Publikator>
  	  <DatumPublikace>2017-01-24</DatumPublikace>
  	  <PolozkaURL>https://portal.gov.cz/app/RejData/rec.jsp?id=154129591&amp;id_rej=97899&amp;y=2017&amp;m=01&amp;doctype=xml</PolozkaURL>
  	  <VazbyURL>https://portal.gov.cz/app/RejData/rec.jsp?id=154129591&amp;id_rej=97899&amp;y=2017&amp;m=01&amp;doctype=vazby</VazbyURL>
  	  <Zneplatneny>false</Zneplatneny>
  	</Polozka>
  	<Polozka>
  	  <ID>154129607</ID>
  	  <PublikacniDZ>434927302</PublikacniDZ>
  	  <Publikator>n75aau3</Publikator>
  	  <DatumPublikace>2017-01-24</DatumPublikace>
  	  <PolozkaURL>https://portal.gov.cz/app/RejData/rec.jsp?id=154129607&amp;id_rej=97899&amp;y=2017&amp;m=01&amp;doctype=xml</PolozkaURL>
  	  <VazbyURL>https://portal.gov.cz/app/RejData/rec.jsp?id=154129607&amp;id_rej=97899&amp;y=2017&amp;m=01&amp;doctype=vazby</VazbyURL>
  	  <Zneplatneny>false</Zneplatneny>
  	</Polozka>
  	<Polozka>
  	  <ID>154129615</ID>
  	  <PublikacniDZ>434927303</PublikacniDZ>
  	  <Publikator>n75aau3</Publikator>
  	  <DatumPublikace>2017-01-24</DatumPublikace>
  	  <PolozkaURL>https://portal.gov.cz/app/RejData/rec.jsp?id=154129615&amp;id_rej=97899&amp;y=2017&amp;m=01&amp;doctype=xml</PolozkaURL>
  	  <VazbyURL>https://portal.gov.cz/app/RejData/rec.jsp?id=154129615&amp;id_rej=97899&amp;y=2017&amp;m=01&amp;doctype=vazby</VazbyURL>
  	  <Zneplatneny>false</Zneplatneny>
  	</Polozka>
  	<Polozka>
  	  <ID>154129599</ID>
  	  <PublikacniDZ>434927264</PublikacniDZ>
  	  <Publikator>n75aau3</Publikator>
  	  <DatumPublikace>2017-01-24</DatumPublikace>
  	  <PolozkaURL>https://portal.gov.cz/app/RejData/rec.jsp?id=154129599&amp;id_rej=97899&amp;y=2017&amp;m=01&amp;doctype=xml</PolozkaURL>
  	  <VazbyURL>https://portal.gov.cz/app/RejData/rec.jsp?id=154129599&amp;id_rej=97899&amp;y=2017&amp;m=01&amp;doctype=vazby</VazbyURL>
  	  <Zneplatneny>false</Zneplatneny>
  	</Polozka>
  	<Polozka>
  	  <ID>154129623</ID>
  	  <PublikacniDZ>434927304</PublikacniDZ>
  	  <Publikator>n75aau3</Publikator>
  	  <DatumPublikace>2017-01-24</DatumPublikace>
  	  <PolozkaURL>https://portal.gov.cz/app/RejData/rec.jsp?id=154129623&amp;id_rej=97899&amp;y=2017&amp;m=01&amp;doctype=xml</PolozkaURL>
  	  <VazbyURL>https://portal.gov.cz/app/RejData/rec.jsp?id=154129623&amp;id_rej=97899&amp;y=2017&amp;m=01&amp;doctype=vazby</VazbyURL>
  	  <Zneplatneny>false</Zneplatneny>
  	</Polozka>
  	<Polozka>
  	  <ID>161423963</ID>
  	  <PublikacniDZ>436740151</PublikacniDZ>
  	  <Publikator>5zubv7w</Publikator>
  	  <DatumPublikace>2017-01-30</DatumPublikace>
  	  <PolozkaURL>https://portal.gov.cz/app/RejData/rec.jsp?id=161423963&amp;id_rej=97899&amp;y=2017&amp;m=01&amp;doctype=xml</PolozkaURL>
  	  <VazbyURL>https://portal.gov.cz/app/RejData/rec.jsp?id=161423963&amp;id_rej=97899&amp;y=2017&amp;m=01&amp;doctype=vazby</VazbyURL>
  	  <Zneplatneny>false</Zneplatneny>
  	</Polozka>
  	<Polozka>
  	  <ID>161423971</ID>
  	  <PublikacniDZ>436740345</PublikacniDZ>
  	  <Publikator>5zubv7w</Publikator>
  	  <DatumPublikace>2017-01-30</DatumPublikace>
  	  <PolozkaURL>https://portal.gov.cz/app/RejData/rec.jsp?id=161423971&amp;id_rej=97899&amp;y=2017&amp;m=01&amp;doctype=xml</PolozkaURL>
  	  <VazbyURL>https://portal.gov.cz/app/RejData/rec.jsp?id=161423971&amp;id_rej=97899&amp;y=2017&amp;m=01&amp;doctype=vazby</VazbyURL>
  	  <Zneplatneny>false</Zneplatneny>
  	</Polozka>
  	<Polozka>
  	  <ID>161424020</ID>
  	  <PublikacniDZ>436826683</PublikacniDZ>
  	  <Publikator>5zubv7w</Publikator>
  	  <DatumPublikace>2017-01-30</DatumPublikace>
  	  <PolozkaURL>https://portal.gov.cz/app/RejData/rec.jsp?id=161424020&amp;id_rej=97899&amp;y=2017&amp;m=01&amp;doctype=xml</PolozkaURL>
  	  <VazbyURL>https://portal.gov.cz/app/RejData/rec.jsp?id=161424020&amp;id_rej=97899&amp;y=2017&amp;m=01&amp;doctype=vazby</VazbyURL>
  	  <Zneplatneny>false</Zneplatneny>
  	</Polozka>
  	<Polozka>
  	  <ID>161424036</ID>
  	  <PublikacniDZ>436826863</PublikacniDZ>
  	  <Publikator>5zubv7w</Publikator>
  	  <DatumPublikace>2017-01-30</DatumPublikace>
  	  <PolozkaURL>https://portal.gov.cz/app/RejData/rec.jsp?id=161424036&amp;id_rej=97899&amp;y=2017&amp;m=01&amp;doctype=xml</PolozkaURL>
  	  <VazbyURL>https://portal.gov.cz/app/RejData/rec.jsp?id=161424036&amp;id_rej=97899&amp;y=2017&amp;m=01&amp;doctype=vazby</VazbyURL>
  	  <Zneplatneny>false</Zneplatneny>
  	</Polozka>
  	<Polozka>
  	  <ID>161424028</ID>
  	  <PublikacniDZ>436826723</PublikacniDZ>
  	  <Publikator>5zubv7w</Publikator>
  	  <DatumPublikace>2017-01-30</DatumPublikace>
  	  <PolozkaURL>https://portal.gov.cz/app/RejData/rec.jsp?id=161424028&amp;id_rej=97899&amp;y=2017&amp;m=01&amp;doctype=xml</PolozkaURL>
  	  <VazbyURL>https://portal.gov.cz/app/RejData/rec.jsp?id=161424028&amp;id_rej=97899&amp;y=2017&amp;m=01&amp;doctype=vazby</VazbyURL>
  	  <Zneplatneny>false</Zneplatneny>
  	</Polozka>
  	<Polozka>
  	  <ID>161424005</ID>
  	  <PublikacniDZ>436826584</PublikacniDZ>
  	  <Publikator>5zubv7w</Publikator>
  	  <DatumPublikace>2017-01-30</DatumPublikace>
  	  <PolozkaURL>https://portal.gov.cz/app/RejData/rec.jsp?id=161424005&amp;id_rej=97899&amp;y=2017&amp;m=01&amp;doctype=xml</PolozkaURL>
  	  <VazbyURL>https://portal.gov.cz/app/RejData/rec.jsp?id=161424005&amp;id_rej=97899&amp;y=2017&amp;m=01&amp;doctype=vazby</VazbyURL>
  	  <Zneplatneny>false</Zneplatneny>
  	</Polozka>
  	<Polozka>
  	  <ID>161424144</ID>
  	  <PublikacniDZ>436863121</PublikacniDZ>
  	  <Publikator>5zubv7w</Publikator>
  	  <DatumPublikace>2017-01-30</DatumPublikace>
  	  <PolozkaURL>https://portal.gov.cz/app/RejData/rec.jsp?id=161424144&amp;id_rej=97899&amp;y=2017&amp;m=01&amp;doctype=xml</PolozkaURL>
  	  <VazbyURL>https://portal.gov.cz/app/RejData/rec.jsp?id=161424144&amp;id_rej=97899&amp;y=2017&amp;m=01&amp;doctype=vazby</VazbyURL>
  	  <Zneplatneny>false</Zneplatneny>
  	</Polozka>
  	<Polozka>
  	  <ID>161424114</ID>
  	  <PublikacniDZ>436862896</PublikacniDZ>
  	  <Publikator>5zubv7w</Publikator>
  	  <DatumPublikace>2017-01-30</DatumPublikace>
  	  <DatumZmeny>2017-02-01</DatumZmeny>
  	  <PolozkaURL>https://portal.gov.cz/app/RejData/rec.jsp?id=161424114&amp;id_rej=97899&amp;y=2017&amp;m=01&amp;doctype=xml</PolozkaURL>
  	  <VazbyURL>https://portal.gov.cz/app/RejData/rec.jsp?id=161424114&amp;id_rej=97899&amp;y=2017&amp;m=01&amp;doctype=vazby</VazbyURL>
  	  <Zneplatneny>false</Zneplatneny>
  	</Polozka>
  	<Polozka>
  	  <ID>161424166</ID>
  	  <PublikacniDZ>436863170</PublikacniDZ>
  	  <Publikator>5zubv7w</Publikator>
  	  <DatumPublikace>2017-01-30</DatumPublikace>
  	  <DatumZmeny>2017-02-01</DatumZmeny>
  	  <PolozkaURL>https://portal.gov.cz/app/RejData/rec.jsp?id=161424166&amp;id_rej=97899&amp;y=2017&amp;m=01&amp;doctype=xml</PolozkaURL>
  	  <VazbyURL>https://portal.gov.cz/app/RejData/rec.jsp?id=161424166&amp;id_rej=97899&amp;y=2017&amp;m=01&amp;doctype=vazby</VazbyURL>
  	  <Zneplatneny>false</Zneplatneny>
  	</Polozka>
  	<Polozka>
  	  <ID>161424136</ID>
  	  <PublikacniDZ>436862927</PublikacniDZ>
  	  <Publikator>5zubv7w</Publikator>
  	  <DatumPublikace>2017-01-30</DatumPublikace>
  	  <DatumZmeny>2017-02-01</DatumZmeny>
  	  <PolozkaURL>https://portal.gov.cz/app/RejData/rec.jsp?id=161424136&amp;id_rej=97899&amp;y=2017&amp;m=01&amp;doctype=xml</PolozkaURL>
  	  <VazbyURL>https://portal.gov.cz/app/RejData/rec.jsp?id=161424136&amp;id_rej=97899&amp;y=2017&amp;m=01&amp;doctype=vazby</VazbyURL>
  	  <Zneplatneny>false</Zneplatneny>
  	</Polozka>
  	<Polozka>
  	  <ID>161424174</ID>
  	  <PublikacniDZ>436863172</PublikacniDZ>
  	  <Publikator>5zubv7w</Publikator>
  	  <DatumPublikace>2017-01-30</DatumPublikace>
  	  <DatumZmeny>2017-01-31</DatumZmeny>
  	  <PolozkaURL>https://portal.gov.cz/app/RejData/rec.jsp?id=161424174&amp;id_rej=97899&amp;y=2017&amp;m=01&amp;doctype=xml</PolozkaURL>
  	  <VazbyURL>https://portal.gov.cz/app/RejData/rec.jsp?id=161424174&amp;id_rej=97899&amp;y=2017&amp;m=01&amp;doctype=vazby</VazbyURL>
  	  <Zneplatneny>false</Zneplatneny>
  	</Polozka>
  	<Polozka>
  	  <ID>161424182</ID>
  	  <PublikacniDZ>436863173</PublikacniDZ>
  	  <Publikator>5zubv7w</Publikator>
  	  <DatumPublikace>2017-01-30</DatumPublikace>
  	  <DatumZmeny>2017-01-31</DatumZmeny>
  	  <PolozkaURL>https://portal.gov.cz/app/RejData/rec.jsp?id=161424182&amp;id_rej=97899&amp;y=2017&amp;m=01&amp;doctype=xml</PolozkaURL>
  	  <VazbyURL>https://portal.gov.cz/app/RejData/rec.jsp?id=161424182&amp;id_rej=97899&amp;y=2017&amp;m=01&amp;doctype=vazby</VazbyURL>
  	  <Zneplatneny>false</Zneplatneny>
  	</Polozka>
  	<Polozka>
  	  <ID>161424190</ID>
  	  <PublikacniDZ>436863301</PublikacniDZ>
  	  <Publikator>5zubv7w</Publikator>
  	  <DatumPublikace>2017-01-30</DatumPublikace>
  	  <DatumZmeny>2017-01-31</DatumZmeny>
  	  <PolozkaURL>https://portal.gov.cz/app/RejData/rec.jsp?id=161424190&amp;id_rej=97899&amp;y=2017&amp;m=01&amp;doctype=xml</PolozkaURL>
  	  <VazbyURL>https://portal.gov.cz/app/RejData/rec.jsp?id=161424190&amp;id_rej=97899&amp;y=2017&amp;m=01&amp;doctype=vazby</VazbyURL>
  	  <Zneplatneny>false</Zneplatneny>
  	</Polozka>

</Rejstrik>