<?xml version="1.0" encoding="UTF-8"?>
<Rejstrik xmlns="http://portal.gov.cz/portal/xsd/PvsRejstrikObsah" xmlns:xsi="http://www.w3.org/2001/XMLSchema-instance" xsi:schemaLocation="http://portal.gov.cz/portal/xsd/PvsRejstrikObsah http://portal.gov.cz/portal/xsd/PvsRejstrikObsah.xsd">
  <RejstrikID>97899</RejstrikID>
  	<Polozka>
  	  <ID>243671670</ID>
  	  <PublikacniDZ>497297423</PublikacniDZ>
  	  <Publikator>qmsa4he</Publikator>
  	  <DatumPublikace>2017-08-22</DatumPublikace>
  	  <PolozkaURL>https://portal.gov.cz/app/RejData/rec.jsp?id=243671670&amp;id_rej=97899&amp;y=2017&amp;m=08&amp;doctype=xml</PolozkaURL>
  	  <VazbyURL>https://portal.gov.cz/app/RejData/rec.jsp?id=243671670&amp;id_rej=97899&amp;y=2017&amp;m=08&amp;doctype=vazby</VazbyURL>
  	  <Zneplatneny>false</Zneplatneny>
  	</Polozka>

</Rejstrik>