<?xml version="1.0" encoding="UTF-8"?>
<Rejstrik xmlns="http://portal.gov.cz/portal/xsd/PvsRejstrikObsah" xmlns:xsi="http://www.w3.org/2001/XMLSchema-instance" xsi:schemaLocation="http://portal.gov.cz/portal/xsd/PvsRejstrikObsah http://portal.gov.cz/portal/xsd/PvsRejstrikObsah.xsd">
  <RejstrikID>97899</RejstrikID>
  	<Polozka>
  	  <ID>254676116</ID>
  	  <PublikacniDZ>527658844</PublikacniDZ>
  	  <Publikator>6bnaawp</Publikator>
  	  <DatumPublikace>2017-12-08</DatumPublikace>
  	  <PolozkaURL>https://portal.gov.cz/app/RejData/rec.jsp?id=254676116&amp;id_rej=97899&amp;y=2017&amp;m=12&amp;doctype=xml</PolozkaURL>
  	  <VazbyURL>https://portal.gov.cz/app/RejData/rec.jsp?id=254676116&amp;id_rej=97899&amp;y=2017&amp;m=12&amp;doctype=vazby</VazbyURL>
  	  <Zneplatneny>false</Zneplatneny>
  	</Polozka>
  	<Polozka>
  	  <ID>254676526</ID>
  	  <PublikacniDZ>528115309</PublikacniDZ>
  	  <Publikator>s3caayq</Publikator>
  	  <DatumPublikace>2017-12-11</DatumPublikace>
  	  <PolozkaURL>https://portal.gov.cz/app/RejData/rec.jsp?id=254676526&amp;id_rej=97899&amp;y=2017&amp;m=12&amp;doctype=xml</PolozkaURL>
  	  <VazbyURL>https://portal.gov.cz/app/RejData/rec.jsp?id=254676526&amp;id_rej=97899&amp;y=2017&amp;m=12&amp;doctype=vazby</VazbyURL>
  	  <Zneplatneny>false</Zneplatneny>
  	</Polozka>
  	<Polozka>
  	  <ID>255131823</ID>
  	  <PublikacniDZ>534022824</PublikacniDZ>
  	  <Publikator>6bnaawp</Publikator>
  	  <DatumPublikace>2017-12-28</DatumPublikace>
  	  <PolozkaURL>https://portal.gov.cz/app/RejData/rec.jsp?id=255131823&amp;id_rej=97899&amp;y=2017&amp;m=12&amp;doctype=xml</PolozkaURL>
  	  <VazbyURL>https://portal.gov.cz/app/RejData/rec.jsp?id=255131823&amp;id_rej=97899&amp;y=2017&amp;m=12&amp;doctype=vazby</VazbyURL>
  	  <Zneplatneny>false</Zneplatneny>
  	</Polozka>
  	<Polozka>
  	  <ID>255131831</ID>
  	  <PublikacniDZ>534022830</PublikacniDZ>
  	  <Publikator>6bnaawp</Publikator>
  	  <DatumPublikace>2017-12-28</DatumPublikace>
  	  <PolozkaURL>https://portal.gov.cz/app/RejData/rec.jsp?id=255131831&amp;id_rej=97899&amp;y=2017&amp;m=12&amp;doctype=xml</PolozkaURL>
  	  <VazbyURL>https://portal.gov.cz/app/RejData/rec.jsp?id=255131831&amp;id_rej=97899&amp;y=2017&amp;m=12&amp;doctype=vazby</VazbyURL>
  	  <Zneplatneny>false</Zneplatneny>
  	</Polozka>
  	<Polozka>
  	  <ID>255131839</ID>
  	  <PublikacniDZ>534022833</PublikacniDZ>
  	  <Publikator>6bnaawp</Publikator>
  	  <DatumPublikace>2017-12-28</DatumPublikace>
  	  <PolozkaURL>https://portal.gov.cz/app/RejData/rec.jsp?id=255131839&amp;id_rej=97899&amp;y=2017&amp;m=12&amp;doctype=xml</PolozkaURL>
  	  <VazbyURL>https://portal.gov.cz/app/RejData/rec.jsp?id=255131839&amp;id_rej=97899&amp;y=2017&amp;m=12&amp;doctype=vazby</VazbyURL>
  	  <Zneplatneny>false</Zneplatneny>
  	</Polozka>
  	<Polozka>
  	  <ID>255131847</ID>
  	  <PublikacniDZ>534022837</PublikacniDZ>
  	  <Publikator>6bnaawp</Publikator>
  	  <DatumPublikace>2017-12-28</DatumPublikace>
  	  <PolozkaURL>https://portal.gov.cz/app/RejData/rec.jsp?id=255131847&amp;id_rej=97899&amp;y=2017&amp;m=12&amp;doctype=xml</PolozkaURL>
  	  <VazbyURL>https://portal.gov.cz/app/RejData/rec.jsp?id=255131847&amp;id_rej=97899&amp;y=2017&amp;m=12&amp;doctype=vazby</VazbyURL>
  	  <Zneplatneny>false</Zneplatneny>
  	</Polozka>
  	<Polozka>
  	  <ID>255131855</ID>
  	  <PublikacniDZ>534022839</PublikacniDZ>
  	  <Publikator>6bnaawp</Publikator>
  	  <DatumPublikace>2017-12-28</DatumPublikace>
  	  <PolozkaURL>https://portal.gov.cz/app/RejData/rec.jsp?id=255131855&amp;id_rej=97899&amp;y=2017&amp;m=12&amp;doctype=xml</PolozkaURL>
  	  <VazbyURL>https://portal.gov.cz/app/RejData/rec.jsp?id=255131855&amp;id_rej=97899&amp;y=2017&amp;m=12&amp;doctype=vazby</VazbyURL>
  	  <Zneplatneny>false</Zneplatneny>
  	</Polozka>
  	<Polozka>
  	  <ID>255131863</ID>
  	  <PublikacniDZ>534023156</PublikacniDZ>
  	  <Publikator>6bnaawp</Publikator>
  	  <DatumPublikace>2017-12-28</DatumPublikace>
  	  <PolozkaURL>https://portal.gov.cz/app/RejData/rec.jsp?id=255131863&amp;id_rej=97899&amp;y=2017&amp;m=12&amp;doctype=xml</PolozkaURL>
  	  <VazbyURL>https://portal.gov.cz/app/RejData/rec.jsp?id=255131863&amp;id_rej=97899&amp;y=2017&amp;m=12&amp;doctype=vazby</VazbyURL>
  	  <Zneplatneny>false</Zneplatneny>
  	</Polozka>
  	<Polozka>
  	  <ID>255131949</ID>
  	  <PublikacniDZ>534087861</PublikacniDZ>
  	  <Publikator>6bnaawp</Publikator>
  	  <DatumPublikace>2017-12-28</DatumPublikace>
  	  <PolozkaURL>https://portal.gov.cz/app/RejData/rec.jsp?id=255131949&amp;id_rej=97899&amp;y=2017&amp;m=12&amp;doctype=xml</PolozkaURL>
  	  <VazbyURL>https://portal.gov.cz/app/RejData/rec.jsp?id=255131949&amp;id_rej=97899&amp;y=2017&amp;m=12&amp;doctype=vazby</VazbyURL>
  	  <Zneplatneny>false</Zneplatneny>
  	</Polozka>
  	<Polozka>
  	  <ID>255131957</ID>
  	  <PublikacniDZ>534087863</PublikacniDZ>
  	  <Publikator>6bnaawp</Publikator>
  	  <DatumPublikace>2017-12-28</DatumPublikace>
  	  <PolozkaURL>https://portal.gov.cz/app/RejData/rec.jsp?id=255131957&amp;id_rej=97899&amp;y=2017&amp;m=12&amp;doctype=xml</PolozkaURL>
  	  <VazbyURL>https://portal.gov.cz/app/RejData/rec.jsp?id=255131957&amp;id_rej=97899&amp;y=2017&amp;m=12&amp;doctype=vazby</VazbyURL>
  	  <Zneplatneny>false</Zneplatneny>
  	</Polozka>
  	<Polozka>
  	  <ID>255131965</ID>
  	  <PublikacniDZ>534087864</PublikacniDZ>
  	  <Publikator>6bnaawp</Publikator>
  	  <DatumPublikace>2017-12-28</DatumPublikace>
  	  <PolozkaURL>https://portal.gov.cz/app/RejData/rec.jsp?id=255131965&amp;id_rej=97899&amp;y=2017&amp;m=12&amp;doctype=xml</PolozkaURL>
  	  <VazbyURL>https://portal.gov.cz/app/RejData/rec.jsp?id=255131965&amp;id_rej=97899&amp;y=2017&amp;m=12&amp;doctype=vazby</VazbyURL>
  	  <Zneplatneny>false</Zneplatneny>
  	</Polozka>
  	<Polozka>
  	  <ID>255131973</ID>
  	  <PublikacniDZ>534087865</PublikacniDZ>
  	  <Publikator>6bnaawp</Publikator>
  	  <DatumPublikace>2017-12-28</DatumPublikace>
  	  <PolozkaURL>https://portal.gov.cz/app/RejData/rec.jsp?id=255131973&amp;id_rej=97899&amp;y=2017&amp;m=12&amp;doctype=xml</PolozkaURL>
  	  <VazbyURL>https://portal.gov.cz/app/RejData/rec.jsp?id=255131973&amp;id_rej=97899&amp;y=2017&amp;m=12&amp;doctype=vazby</VazbyURL>
  	  <Zneplatneny>false</Zneplatneny>
  	</Polozka>
  	<Polozka>
  	  <ID>255131981</ID>
  	  <PublikacniDZ>534087868</PublikacniDZ>
  	  <Publikator>6bnaawp</Publikator>
  	  <DatumPublikace>2017-12-28</DatumPublikace>
  	  <PolozkaURL>https://portal.gov.cz/app/RejData/rec.jsp?id=255131981&amp;id_rej=97899&amp;y=2017&amp;m=12&amp;doctype=xml</PolozkaURL>
  	  <VazbyURL>https://portal.gov.cz/app/RejData/rec.jsp?id=255131981&amp;id_rej=97899&amp;y=2017&amp;m=12&amp;doctype=vazby</VazbyURL>
  	  <Zneplatneny>false</Zneplatneny>
  	</Polozka>
  	<Polozka>
  	  <ID>255131989</ID>
  	  <PublikacniDZ>534087870</PublikacniDZ>
  	  <Publikator>6bnaawp</Publikator>
  	  <DatumPublikace>2017-12-28</DatumPublikace>
  	  <PolozkaURL>https://portal.gov.cz/app/RejData/rec.jsp?id=255131989&amp;id_rej=97899&amp;y=2017&amp;m=12&amp;doctype=xml</PolozkaURL>
  	  <VazbyURL>https://portal.gov.cz/app/RejData/rec.jsp?id=255131989&amp;id_rej=97899&amp;y=2017&amp;m=12&amp;doctype=vazby</VazbyURL>
  	  <Zneplatneny>false</Zneplatneny>
  	</Polozka>

</Rejstrik>