<?xml version="1.0" encoding="UTF-8"?>
<Rejstrik xmlns="http://portal.gov.cz/portal/xsd/PvsRejstrikObsah" xmlns:xsi="http://www.w3.org/2001/XMLSchema-instance" xsi:schemaLocation="http://portal.gov.cz/portal/xsd/PvsRejstrikObsah http://portal.gov.cz/portal/xsd/PvsRejstrikObsah.xsd">
  <RejstrikID>97899</RejstrikID>
  	<Polozka>
  	  <ID>240415378</ID>
  	  <PublikacniDZ>488909866</PublikacniDZ>
  	  <Publikator>6bnaawp</Publikator>
  	  <DatumPublikace>2017-07-24</DatumPublikace>
  	  <PolozkaURL>https://portal.gov.cz/app/RejData/rec.jsp?id=240415378&amp;id_rej=97899&amp;y=2017&amp;m=07&amp;doctype=xml</PolozkaURL>
  	  <VazbyURL>https://portal.gov.cz/app/RejData/rec.jsp?id=240415378&amp;id_rej=97899&amp;y=2017&amp;m=07&amp;doctype=vazby</VazbyURL>
  	  <Zneplatneny>false</Zneplatneny>
  	</Polozka>
  	<Polozka>
  	  <ID>240415430</ID>
  	  <PublikacniDZ>488974017</PublikacniDZ>
  	  <Publikator>trfaa33</Publikator>
  	  <DatumPublikace>2017-07-24</DatumPublikace>
  	  <PolozkaURL>https://portal.gov.cz/app/RejData/rec.jsp?id=240415430&amp;id_rej=97899&amp;y=2017&amp;m=07&amp;doctype=xml</PolozkaURL>
  	  <VazbyURL>https://portal.gov.cz/app/RejData/rec.jsp?id=240415430&amp;id_rej=97899&amp;y=2017&amp;m=07&amp;doctype=vazby</VazbyURL>
  	  <Zneplatneny>false</Zneplatneny>
  	</Polozka>
  	<Polozka>
  	  <ID>240415451</ID>
  	  <PublikacniDZ>488976734</PublikacniDZ>
  	  <Publikator>trfaa33</Publikator>
  	  <DatumPublikace>2017-07-24</DatumPublikace>
  	  <PolozkaURL>https://portal.gov.cz/app/RejData/rec.jsp?id=240415451&amp;id_rej=97899&amp;y=2017&amp;m=07&amp;doctype=xml</PolozkaURL>
  	  <VazbyURL>https://portal.gov.cz/app/RejData/rec.jsp?id=240415451&amp;id_rej=97899&amp;y=2017&amp;m=07&amp;doctype=vazby</VazbyURL>
  	  <Zneplatneny>false</Zneplatneny>
  	</Polozka>
  	<Polozka>
  	  <ID>240415472</ID>
  	  <PublikacniDZ>488979871</PublikacniDZ>
  	  <Publikator>trfaa33</Publikator>
  	  <DatumPublikace>2017-07-24</DatumPublikace>
  	  <PolozkaURL>https://portal.gov.cz/app/RejData/rec.jsp?id=240415472&amp;id_rej=97899&amp;y=2017&amp;m=07&amp;doctype=xml</PolozkaURL>
  	  <VazbyURL>https://portal.gov.cz/app/RejData/rec.jsp?id=240415472&amp;id_rej=97899&amp;y=2017&amp;m=07&amp;doctype=vazby</VazbyURL>
  	  <Zneplatneny>false</Zneplatneny>
  	</Polozka>

</Rejstrik>