<?xml version="1.0" encoding="UTF-8"?>
<Rejstrik xmlns="http://portal.gov.cz/portal/xsd/PvsRejstrikObsah" xmlns:xsi="http://www.w3.org/2001/XMLSchema-instance" xsi:schemaLocation="http://portal.gov.cz/portal/xsd/PvsRejstrikObsah http://portal.gov.cz/portal/xsd/PvsRejstrikObsah.xsd">
  <RejstrikID>97899</RejstrikID>
  	<Polozka>
  	  <ID>246534435</ID>
  	  <PublikacniDZ>502985608</PublikacniDZ>
  	  <Publikator>6bnaawp</Publikator>
  	  <DatumPublikace>2017-09-12</DatumPublikace>
  	  <PolozkaURL>https://portal.gov.cz/app/RejData/rec.jsp?id=246534435&amp;id_rej=97899&amp;y=2017&amp;m=09&amp;doctype=xml</PolozkaURL>
  	  <VazbyURL>https://portal.gov.cz/app/RejData/rec.jsp?id=246534435&amp;id_rej=97899&amp;y=2017&amp;m=09&amp;doctype=vazby</VazbyURL>
  	  <Zneplatneny>false</Zneplatneny>
  	</Polozka>
  	<Polozka>
  	  <ID>247025684</ID>
  	  <PublikacniDZ>m:110727</PublikacniDZ>
  	  <Publikator>6bnaawp</Publikator>
  	  <DatumPublikace>2017-09-14</DatumPublikace>
  	  <PolozkaURL>https://portal.gov.cz/app/RejData/rec.jsp?id=247025684&amp;id_rej=97899&amp;y=2017&amp;m=09&amp;doctype=xml</PolozkaURL>
  	  <VazbyURL>https://portal.gov.cz/app/RejData/rec.jsp?id=247025684&amp;id_rej=97899&amp;y=2017&amp;m=09&amp;doctype=vazby</VazbyURL>
  	  <Zneplatneny>false</Zneplatneny>
  	</Polozka>
  	<Polozka>
  	  <ID>247025692</ID>
  	  <PublikacniDZ>m:110728</PublikacniDZ>
  	  <Publikator>6bnaawp</Publikator>
  	  <DatumPublikace>2017-09-14</DatumPublikace>
  	  <PolozkaURL>https://portal.gov.cz/app/RejData/rec.jsp?id=247025692&amp;id_rej=97899&amp;y=2017&amp;m=09&amp;doctype=xml</PolozkaURL>
  	  <VazbyURL>https://portal.gov.cz/app/RejData/rec.jsp?id=247025692&amp;id_rej=97899&amp;y=2017&amp;m=09&amp;doctype=vazby</VazbyURL>
  	  <Zneplatneny>false</Zneplatneny>
  	</Polozka>
  	<Polozka>
  	  <ID>247025700</ID>
  	  <PublikacniDZ>m:110729</PublikacniDZ>
  	  <Publikator>6bnaawp</Publikator>
  	  <DatumPublikace>2017-09-14</DatumPublikace>
  	  <PolozkaURL>https://portal.gov.cz/app/RejData/rec.jsp?id=247025700&amp;id_rej=97899&amp;y=2017&amp;m=09&amp;doctype=xml</PolozkaURL>
  	  <VazbyURL>https://portal.gov.cz/app/RejData/rec.jsp?id=247025700&amp;id_rej=97899&amp;y=2017&amp;m=09&amp;doctype=vazby</VazbyURL>
  	  <Zneplatneny>false</Zneplatneny>
  	</Polozka>
  	<Polozka>
  	  <ID>247025708</ID>
  	  <PublikacniDZ>m:110730</PublikacniDZ>
  	  <Publikator>6bnaawp</Publikator>
  	  <DatumPublikace>2017-09-14</DatumPublikace>
  	  <PolozkaURL>https://portal.gov.cz/app/RejData/rec.jsp?id=247025708&amp;id_rej=97899&amp;y=2017&amp;m=09&amp;doctype=xml</PolozkaURL>
  	  <VazbyURL>https://portal.gov.cz/app/RejData/rec.jsp?id=247025708&amp;id_rej=97899&amp;y=2017&amp;m=09&amp;doctype=vazby</VazbyURL>
  	  <Zneplatneny>false</Zneplatneny>
  	</Polozka>
  	<Polozka>
  	  <ID>247025716</ID>
  	  <PublikacniDZ>m:110731</PublikacniDZ>
  	  <Publikator>6bnaawp</Publikator>
  	  <DatumPublikace>2017-09-14</DatumPublikace>
  	  <PolozkaURL>https://portal.gov.cz/app/RejData/rec.jsp?id=247025716&amp;id_rej=97899&amp;y=2017&amp;m=09&amp;doctype=xml</PolozkaURL>
  	  <VazbyURL>https://portal.gov.cz/app/RejData/rec.jsp?id=247025716&amp;id_rej=97899&amp;y=2017&amp;m=09&amp;doctype=vazby</VazbyURL>
  	  <Zneplatneny>false</Zneplatneny>
  	</Polozka>
  	<Polozka>
  	  <ID>247025724</ID>
  	  <PublikacniDZ>m:110732</PublikacniDZ>
  	  <Publikator>6bnaawp</Publikator>
  	  <DatumPublikace>2017-09-14</DatumPublikace>
  	  <PolozkaURL>https://portal.gov.cz/app/RejData/rec.jsp?id=247025724&amp;id_rej=97899&amp;y=2017&amp;m=09&amp;doctype=xml</PolozkaURL>
  	  <VazbyURL>https://portal.gov.cz/app/RejData/rec.jsp?id=247025724&amp;id_rej=97899&amp;y=2017&amp;m=09&amp;doctype=vazby</VazbyURL>
  	  <Zneplatneny>false</Zneplatneny>
  	</Polozka>
  	<Polozka>
  	  <ID>247025732</ID>
  	  <PublikacniDZ>m:110733</PublikacniDZ>
  	  <Publikator>6bnaawp</Publikator>
  	  <DatumPublikace>2017-09-14</DatumPublikace>
  	  <PolozkaURL>https://portal.gov.cz/app/RejData/rec.jsp?id=247025732&amp;id_rej=97899&amp;y=2017&amp;m=09&amp;doctype=xml</PolozkaURL>
  	  <VazbyURL>https://portal.gov.cz/app/RejData/rec.jsp?id=247025732&amp;id_rej=97899&amp;y=2017&amp;m=09&amp;doctype=vazby</VazbyURL>
  	  <Zneplatneny>false</Zneplatneny>
  	</Polozka>
  	<Polozka>
  	  <ID>247025740</ID>
  	  <PublikacniDZ>m:110734</PublikacniDZ>
  	  <Publikator>6bnaawp</Publikator>
  	  <DatumPublikace>2017-09-14</DatumPublikace>
  	  <PolozkaURL>https://portal.gov.cz/app/RejData/rec.jsp?id=247025740&amp;id_rej=97899&amp;y=2017&amp;m=09&amp;doctype=xml</PolozkaURL>
  	  <VazbyURL>https://portal.gov.cz/app/RejData/rec.jsp?id=247025740&amp;id_rej=97899&amp;y=2017&amp;m=09&amp;doctype=vazby</VazbyURL>
  	  <Zneplatneny>false</Zneplatneny>
  	</Polozka>
  	<Polozka>
  	  <ID>247025748</ID>
  	  <PublikacniDZ>m:110735</PublikacniDZ>
  	  <Publikator>6bnaawp</Publikator>
  	  <DatumPublikace>2017-09-14</DatumPublikace>
  	  <PolozkaURL>https://portal.gov.cz/app/RejData/rec.jsp?id=247025748&amp;id_rej=97899&amp;y=2017&amp;m=09&amp;doctype=xml</PolozkaURL>
  	  <VazbyURL>https://portal.gov.cz/app/RejData/rec.jsp?id=247025748&amp;id_rej=97899&amp;y=2017&amp;m=09&amp;doctype=vazby</VazbyURL>
  	  <Zneplatneny>false</Zneplatneny>
  	</Polozka>
  	<Polozka>
  	  <ID>247025756</ID>
  	  <PublikacniDZ>m:110736</PublikacniDZ>
  	  <Publikator>6bnaawp</Publikator>
  	  <DatumPublikace>2017-09-14</DatumPublikace>
  	  <PolozkaURL>https://portal.gov.cz/app/RejData/rec.jsp?id=247025756&amp;id_rej=97899&amp;y=2017&amp;m=09&amp;doctype=xml</PolozkaURL>
  	  <VazbyURL>https://portal.gov.cz/app/RejData/rec.jsp?id=247025756&amp;id_rej=97899&amp;y=2017&amp;m=09&amp;doctype=vazby</VazbyURL>
  	  <Zneplatneny>false</Zneplatneny>
  	</Polozka>

</Rejstrik>