<?xml version="1.0" encoding="UTF-8"?>
<Rejstrik xmlns="http://portal.gov.cz/portal/xsd/PvsRejstrikObsah" xmlns:xsi="http://www.w3.org/2001/XMLSchema-instance" xsi:schemaLocation="http://portal.gov.cz/portal/xsd/PvsRejstrikObsah http://portal.gov.cz/portal/xsd/PvsRejstrikObsah.xsd">
  <RejstrikID>97899</RejstrikID>
  	<Polozka>
  	  <ID>248554061</ID>
  	  <PublikacniDZ>509609710</PublikacniDZ>
  	  <Publikator>trfaa33</Publikator>
  	  <DatumPublikace>2017-10-06</DatumPublikace>
  	  <PolozkaURL>https://portal.gov.cz/app/RejData/rec.jsp?id=248554061&amp;id_rej=97899&amp;y=2017&amp;m=10&amp;doctype=xml</PolozkaURL>
  	  <VazbyURL>https://portal.gov.cz/app/RejData/rec.jsp?id=248554061&amp;id_rej=97899&amp;y=2017&amp;m=10&amp;doctype=vazby</VazbyURL>
  	  <Zneplatneny>false</Zneplatneny>
  	</Polozka>
  	<Polozka>
  	  <ID>249259419</ID>
  	  <PublikacniDZ>512152511</PublikacniDZ>
  	  <Publikator>26iaava</Publikator>
  	  <DatumPublikace>2017-10-16</DatumPublikace>
  	  <DatumZmeny>2017-10-20</DatumZmeny>
  	  <PolozkaURL>https://portal.gov.cz/app/RejData/rec.jsp?id=249259419&amp;id_rej=97899&amp;y=2017&amp;m=10&amp;doctype=xml</PolozkaURL>
  	  <VazbyURL>https://portal.gov.cz/app/RejData/rec.jsp?id=249259419&amp;id_rej=97899&amp;y=2017&amp;m=10&amp;doctype=vazby</VazbyURL>
  	  <Zneplatneny>false</Zneplatneny>
  	</Polozka>

</Rejstrik>