<?xml version="1.0" encoding="UTF-8"?>
<Rejstrik xmlns="http://portal.gov.cz/portal/xsd/PvsRejstrikObsah" xmlns:xsi="http://www.w3.org/2001/XMLSchema-instance" xsi:schemaLocation="http://portal.gov.cz/portal/xsd/PvsRejstrikObsah http://portal.gov.cz/portal/xsd/PvsRejstrikObsah.xsd">
  <RejstrikID>97899</RejstrikID>
  	<Polozka>
  	  <ID>252545162</ID>
  	  <PublikacniDZ>520525948</PublikacniDZ>
  	  <Publikator>qmsa4he</Publikator>
  	  <DatumPublikace>2017-11-13</DatumPublikace>
  	  <DatumZmeny>2017-11-14</DatumZmeny>
  	  <PolozkaURL>https://portal.gov.cz/app/RejData/rec.jsp?id=252545162&amp;id_rej=97899&amp;y=2017&amp;m=11&amp;doctype=xml</PolozkaURL>
  	  <VazbyURL>https://portal.gov.cz/app/RejData/rec.jsp?id=252545162&amp;id_rej=97899&amp;y=2017&amp;m=11&amp;doctype=vazby</VazbyURL>
  	  <Zneplatneny>false</Zneplatneny>
  	</Polozka>
  	<Polozka>
  	  <ID>252969824</ID>
  	  <PublikacniDZ>521535263</PublikacniDZ>
  	  <Publikator>qmsa4he</Publikator>
  	  <DatumPublikace>2017-11-16</DatumPublikace>
  	  <PolozkaURL>https://portal.gov.cz/app/RejData/rec.jsp?id=252969824&amp;id_rej=97899&amp;y=2017&amp;m=11&amp;doctype=xml</PolozkaURL>
  	  <VazbyURL>https://portal.gov.cz/app/RejData/rec.jsp?id=252969824&amp;id_rej=97899&amp;y=2017&amp;m=11&amp;doctype=vazby</VazbyURL>
  	  <Zneplatneny>false</Zneplatneny>
  	</Polozka>

</Rejstrik>