<?xml version="1.0" encoding="UTF-8"?>
<Rejstrik xmlns="http://portal.gov.cz/portal/xsd/PvsRejstrikObsah" xmlns:xsi="http://www.w3.org/2001/XMLSchema-instance" xsi:schemaLocation="http://portal.gov.cz/portal/xsd/PvsRejstrikObsah http://portal.gov.cz/portal/xsd/PvsRejstrikObsah.xsd">
  <RejstrikID>97899</RejstrikID>
  	<Polozka>
  	  <ID>230079691</ID>
  	  <PublikacniDZ>467006305</PublikacniDZ>
  	  <Publikator>mt6427q</Publikator>
  	  <DatumPublikace>2017-05-09</DatumPublikace>
  	  <DatumZmeny>2017-05-10</DatumZmeny>
  	  <PolozkaURL>https://portal.gov.cz/app/RejData/rec.jsp?id=230079691&amp;id_rej=97899&amp;y=2017&amp;m=05&amp;doctype=xml</PolozkaURL>
  	  <VazbyURL></VazbyURL>
  	  <Zneplatneny>true</Zneplatneny>
  	</Polozka>
  	<Polozka>
  	  <ID>230272354</ID>
  	  <PublikacniDZ>467501704</PublikacniDZ>
  	  <Publikator>mt6427q</Publikator>
  	  <DatumPublikace>2017-05-10</DatumPublikace>
  	  <PolozkaURL>https://portal.gov.cz/app/RejData/rec.jsp?id=230272354&amp;id_rej=97899&amp;y=2017&amp;m=05&amp;doctype=xml</PolozkaURL>
  	  <VazbyURL></VazbyURL>
  	  <Zneplatneny>false</Zneplatneny>
  	</Polozka>
  	<Polozka>
  	  <ID>230272338</ID>
  	  <PublikacniDZ>467500336</PublikacniDZ>
  	  <Publikator>mt6427q</Publikator>
  	  <DatumPublikace>2017-05-10</DatumPublikace>
  	  <PolozkaURL>https://portal.gov.cz/app/RejData/rec.jsp?id=230272338&amp;id_rej=97899&amp;y=2017&amp;m=05&amp;doctype=xml</PolozkaURL>
  	  <VazbyURL></VazbyURL>
  	  <Zneplatneny>false</Zneplatneny>
  	</Polozka>
  	<Polozka>
  	  <ID>230272346</ID>
  	  <PublikacniDZ>467501593</PublikacniDZ>
  	  <Publikator>mt6427q</Publikator>
  	  <DatumPublikace>2017-05-10</DatumPublikace>
  	  <PolozkaURL>https://portal.gov.cz/app/RejData/rec.jsp?id=230272346&amp;id_rej=97899&amp;y=2017&amp;m=05&amp;doctype=xml</PolozkaURL>
  	  <VazbyURL></VazbyURL>
  	  <Zneplatneny>false</Zneplatneny>
  	</Polozka>
  	<Polozka>
  	  <ID>232970083</ID>
  	  <PublikacniDZ>474045982</PublikacniDZ>
  	  <Publikator>u3kbfuf</Publikator>
  	  <DatumPublikace>2017-05-31</DatumPublikace>
  	  <PolozkaURL>https://portal.gov.cz/app/RejData/rec.jsp?id=232970083&amp;id_rej=97899&amp;y=2017&amp;m=05&amp;doctype=xml</PolozkaURL>
  	  <VazbyURL>https://portal.gov.cz/app/RejData/rec.jsp?id=232970083&amp;id_rej=97899&amp;y=2017&amp;m=05&amp;doctype=vazby</VazbyURL>
  	  <Zneplatneny>false</Zneplatneny>
  	</Polozka>

</Rejstrik>